# Bankcode → BIC für IBAN-Länder, deren Bankcode NICHT im BIC steckt (anders als NL).
# Format: Land;Bankcode;BIC;Bankname   — Bankcode ohne führende Nullen.
#
# Diese Datei enthält nur Quellen, deren Bedingungen die Weitergabe erlauben:
#
#   AT  Oesterreichische Nationalbank — SEPA-Zahlungsverkehrsverzeichnis
#       https://www.oenb.at/docroot/downloads_observ/sepa-zv-vz_gesamt.csv
#       © OeNB, Lizenz CC BY 4.0 (IWG 2022) — Weitergabe und Bearbeitung erlaubt,
#       auch kommerziell, unter Namensnennung.
#
#   BE  Nationale Bank van België / Banque nationale de Belgique
#       https://www.nbb.be/doc/be/be/protocol/full_list_current.xlsx
#       © NBB — "This information may be distributed, provided it is accurately
#       presented and the NBB is cited as the source."
#
# CH und LU liegen NICHT bei: SIX Interbank Clearing untersagt die Weitergabe
# ("may not be reproduced or reused in any way"), die ABBL erlaubt nur die
# unveränderte Nutzung. Beide holt bin/update-bankcodes.php lokal nach —
# das Ergebnis landet in iban-bankcode-bic.local.csv (nicht im Repository).
AT;10000;OEKOATWWXXX;Oesterreichische Kontrollbank Aktiengesellschaft
AT;1000;BUNDATWWXXX;Republik Österreich
AT;11000;BKAUATWWXXX;UniCredit Bank Austria AG
AT;12000;BKAUATWWXXX;UniCredit Bank Austria AG
AT;12002;BKAUATWWXXX;UniCredit Bank Austria AG
AT;12004;BKAUATWWXXX;UniCredit Bank Austria AG
AT;12005;BKAUATWWXXX;UniCredit Bank Austria AG
AT;14000;BAWAATWWXXX;BAWAG P.S.K. Bank für Arbeit und Wirtschaft und Österreichische Postsparkasse Aktiengesellschaft
AT;14001;BAWAATWWXXX;BAWAG P.S.K. Bank für Arbeit und Wirtschaft und Österreichische Postsparkasse Aktiengesellschaft
AT;14002;BAWAATWWXXX;BAWAG P.S.K. Bank für Arbeit und Wirtschaft und Österreichische Postsparkasse Aktiengesellschaft
AT;14200;BAWAATWWXXX;BAWAG P.S.K. Bank für Arbeit und Wirtschaft und Österreichische Postsparkasse Aktiengesellschaft
AT;14210;BAWAATWWXXX;BAWAG P.S.K. Bank für Arbeit und Wirtschaft und Österreichische Postsparkasse Aktiengesellschaft
AT;14900;BAWAATWWXXX;BAWAG P.S.K. Bank für Arbeit und Wirtschaft und Österreichische Postsparkasse Aktiengesellschaft
AT;15000;OBKLAT2LXXX;Oberbank AG
AT;15001;OBKLAT2LXXX;Oberbank AG
AT;15002;OBKLAT2LXXX;Oberbank AG
AT;15003;OBKLAT2LXXX;Oberbank AG
AT;15004;OBKLAT2LXXX;Oberbank AG
AT;15005;OBKLAT2LXXX;Oberbank AG
AT;15006;OBKLAT2LXXX;Oberbank AG
AT;15007;OBKLAT2LXXX;Oberbank AG
AT;15008;OBKLAT2LXXX;Oberbank AG
AT;15009;OBKLAT2LXXX;Oberbank AG
AT;15010;OBKLAT2LXXX;Oberbank AG
AT;15011;OBKLAT2LXXX;Oberbank AG
AT;15012;OBKLAT2LXXX;Oberbank AG
AT;15013;OBKLAT2LXXX;Oberbank AG
AT;15021;OBKLAT2LXXX;Oberbank AG
AT;15022;OBKLAT2LXXX;Oberbank AG
AT;15023;OBKLAT2LXXX;Oberbank AG
AT;15024;OBKLAT2LXXX;Oberbank AG
AT;15025;OBKLAT2LXXX;Oberbank AG
AT;15030;OBKLAT2LXXX;Oberbank AG
AT;15031;OBKLAT2LXXX;Oberbank AG
AT;15040;OBKLAT2LXXX;Oberbank AG
AT;15041;OBKLAT2LXXX;Oberbank AG
AT;15042;OBKLAT2LXXX;Oberbank AG
AT;15060;OBKLAT2LXXX;Oberbank AG
AT;15061;OBKLAT2LXXX;Oberbank AG
AT;15062;OBKLAT2LXXX;Oberbank AG
AT;15080;OBKLAT2LXXX;Oberbank AG
AT;15081;OBKLAT2LXXX;Oberbank AG
AT;15090;OBKLAT2LXXX;Oberbank AG
AT;15091;OBKLAT2LXXX;Oberbank AG
AT;15092;OBKLAT2LXXX;Oberbank AG
AT;15093;OBKLAT2LXXX;Oberbank AG
AT;15094;OBKLAT2LXXX;Oberbank AG
AT;15095;OBKLAT2LXXX;Oberbank AG
AT;15096;OBKLAT2LXXX;Oberbank AG
AT;15097;OBKLAT2LXXX;Oberbank AG
AT;15110;OBKLAT2LXXX;Oberbank AG
AT;15120;OBKLAT2LXXX;Oberbank AG
AT;15121;OBKLAT2LXXX;Oberbank AG
AT;15122;OBKLAT2LXXX;Oberbank AG
AT;15123;OBKLAT2LXXX;Oberbank AG
AT;15130;OBKLAT2LXXX;Oberbank AG
AT;15131;OBKLAT2LXXX;Oberbank AG
AT;15132;OBKLAT2LXXX;Oberbank AG
AT;15133;OBKLAT2LXXX;Oberbank AG
AT;15134;OBKLAT2LXXX;Oberbank AG
AT;15135;OBKLAT2LXXX;Oberbank AG
AT;15150;OBKLAT2LXXX;Oberbank AG
AT;15151;OBKLAT2LXXX;Oberbank AG
AT;15899;OBKLAT2LXXX;Oberbank AG
AT;16000;BTVAAT22XXX;BTV Vier Länder Bank AG
AT;16300;BTVAAT22XXX;BTV Vier Länder Bank AG
AT;16310;BTVAAT22XXX;BTV Vier Länder Bank AG
AT;16320;BTVAAT22XXX;BTV Vier Länder Bank AG
AT;16330;BTVAAT22XXX;BTV Vier Länder Bank AG
AT;16340;BTVAAT22XXX;BTV Vier Länder Bank AG
AT;16350;BTVAAT22XXX;BTV Vier Länder Bank AG
AT;16360;BTVAAT22XXX;BTV Vier Länder Bank AG
AT;16370;BTVAAT22XXX;BTV Vier Länder Bank AG
AT;16380;BTVAAT22XXX;BTV Vier Länder Bank AG
AT;16390;BTVAAT22XXX;BTV Vier Länder Bank AG
AT;16400;BTVAAT22XXX;BTV Vier Länder Bank AG
AT;16410;BTVAAT22XXX;BTV Vier Länder Bank AG
AT;16420;BTVAAT22XXX;BTV Vier Länder Bank AG
AT;16430;BTVAAT22XXX;BTV Vier Länder Bank AG
AT;16440;BTVAAT22XXX;BTV Vier Länder Bank AG
AT;16450;BTVAAT22XXX;BTV Vier Länder Bank AG
AT;16460;BTVAAT22XXX;BTV Vier Länder Bank AG
AT;17000;BFKKAT2KXXX;BKS Bank AG
AT;17100;BFKKAT2KXXX;BKS Bank AG
AT;17200;BFKKAT2KXXX;BKS Bank AG
AT;17300;BFKKAT2KXXX;BKS Bank AG
AT;17400;BFKKAT2KXXX;BKS Bank AG
AT;17500;BFKKAT2KXXX;BKS Bank AG
AT;17899;BFKKAT2KXXX;BKS Bank AG
AT;18100;GEBAATWWXXX;BNP Paribas SA Niederlassung Österreich
AT;18120;PABXATW1XXX;A1 Bank AG
AT;18130;BWFBATW1XXX;Österreichische Ärzte- und Apothekerbank AG
AT;18140;CITIATWXXXX;Citibank Europe plc, Austria Branch
AT;18150;SGABATWWXXX;Société Générale Zweigniederlassung Wien
AT;18160;VBOEATWWXXX;VOLKSBANK WIEN AG
AT;18190;BAWAATWWXXX;BAWAG P.S.K. Bank für Arbeit und Wirtschaft und Österreichische Postsparkasse Aktiengesellschaft
AT;18400;BGENATWWXXX;Generali Bank AG
AT;18600;VKBLAT2LXXX;Volkskreditbank AG
AT;19001;TRBKATW2XXX;Trade Republic Bank GmbH, Branch Austria
AT;19100;DEUTATWWXXX;Deutsche Bank Aktiengesellschaft Filiale Wien
AT;19120;SPBAATWWXXX;bank99 AG
AT;19140;GUTBATWWXXX;Bank Gutmann Aktiengesellschaft
AT;19150;KTBKATWWXXX;Kathrein Privatbank Aktiengesellschaft
AT;19160;WIPBATWWXXX;Wiener Privatbank SE
AT;19170;PABAAT2LXXX;PARTNER BANK AKTIENGESELLSCHAFT
AT;19190;BSSWATWWXXX;Schelhammer Capital Bank AG
AT;19200;SCHOATWWXXX;Schoellerbank Aktiengesellschaft
AT;19210;SPBAATWWB99;bank99 AG
AT;19220;WISMATWWXXX;Bank Winter & Co. AG
AT;19250;DIRAAT2SXXX;BAWAG P.S.K. Bank für Arbeit und Wirtschaft und Österreichische Postsparkasse Aktiengesellschaft
AT;19360;INGBATWWXXX;ING Austria Branch of ING Bank N.V.
AT;19380;DENEATW1XXX;Bankhaus Denzel Aktiengesellschaft
AT;19390;BMASAT21XXX;BMW Austria Bank GmbH
AT;19420;RCNOATW1XXX;RCI Banque SA, Niederlassung Österreich
AT;19440;WIPBATWWXXX;Wiener Privatbank SE
AT;19450;COPRATWWXXX;Liechtensteinische Landesbank (Österreich) AG
AT;19460;BLFLATWWXXX;LGT Bank AG, Zweigniederlassung Österreich
AT;19480;BIIWATWWXXX;flatexDEGIRO Bank SE
AT;19510;COPRATWWXXX;Liechtensteinische Landesbank (Österreich) AG
AT;19515;OPBAATW2XXX;Stellantis Bank SA Niederlassung Österreich
AT;19520;STSPAT2GXXX;Steiermärkische Bank und Sparkassen Aktiengesellschaft
AT;19530;SPAEAT2SXXX;Bankhaus Carl Spängler & Co. Aktiengesellschaft
AT;19540;BKCHATWWXXX;Bank of China (Central and Eastern Europe) Limited Vienna Branch
AT;19600;BSSWATWWXXX;Schelhammer Capital Bank AG
AT;19650;ESBKATWWXXX;DenizBank AG
AT;19660;INVOATWWXXX;Kommunalkredit Austria AG
AT;19675;COBAATWXXXX;Commerzbank AG Niederlassung Wien
AT;19690;TVBAATWWXXX;VakifBank International AG
AT;19810;SANTATWWXXX;Santander Consumer Bank GmbH
AT;19825;WUSNATWWXXX;Wüstenrot Bank AG
AT;19880;WUIBATWWXXX;Western Union International Bank GmbH
AT;19888;ICBKATWWXXX;ICBC Austria Bank GmbH
AT;19930;CENBATWWXXX;Raiffeisen Digital Bank AG
AT;19931;CENBATWWRDB;Raiffeisen Digital Bank AG
AT;19950;WUBUAT2SXXX;Bausparkasse Wüstenrot Aktiengesellschaft
AT;19970;BRASATWWXXX;Banco do Brasil Aktiengesellschaft
AT;20100;GIBAATWGXXX;Erste Group Bank AG
AT;20111;GIBAATWWXXX;Erste Bank der oesterreichischen Sparkassen AG
AT;20112;GIBAAT21XXX;Die Zweite Wiener Vereins-Sparcasse
AT;20202;SPAMAT21XXX;Sparkasse der Stadt Amstetten AG
AT;20205;SPBDAT21XXX;Sparkasse Baden
AT;20216;SPHBAT21XXX;Sparkasse Hainburg-Bruck-Neusiedl Aktiengesellschaft
AT;20218;SPHAAT21XXX;Sparkasse Haugsdorf AG
AT;20219;SPHEAT21XXX;Sparkasse Herzogenburg-Neulengbach Bank Aktiengesellschaft
AT;20221;SPHNAT21XXX;Sparkasse Horn-Ravelsbach-Kirchberg Aktiengesellschaft
AT;20225;SPBDAT21XXX;Sparkasse Baden
AT;20227;SSKOAT21XXX;Sparkasse Korneuburg AG
AT;20228;SPKDAT21XXX;KREMSER BANK UND SPARKASSEN AKTIENGESELLSCHAFT
AT;20230;SPLSAT21XXX;Sparkasse Langenlois
AT;20241;SPNGAT21XXX;Sparkasse Neunkirchen
AT;20245;SPPOAT21XXX;Sparkasse Pottenstein N.Ö.
AT;20246;SPPDAT21XXX;Sparkasse Poysdorf AG
AT;20256;SPSPAT21XXX;SPARKASSE NIEDERÖSTERREICH MITTE WEST AKTIENGESELLSCHAFT
AT;20257;SPSBAT21XXX;Sparkasse Scheibbs AG
AT;20263;SPZWAT21XXX;Waldviertler Sparkasse Bank AG
AT;20267;WINSATWNXXX;Wiener Neustädter Sparkasse
AT;20272;SPZWAT21XXX;Waldviertler Sparkasse Bank AG
AT;20306;SPFRAT21XXX;SPARKASSE FRANKENMARKT AKTIENGESELLSCHAFT
AT;20314;SKBIAT21XXX;Sparkasse Salzkammergut AG
AT;20317;SPLAAT21XXX;Sparkasse Lambach Bank Aktiengesellschaft
AT;20320;ASPKAT2LXXX;Sparkasse Oberösterreich Bank AG
AT;20326;SPNKAT21XXX;Sparkasse Neuhofen Bank Aktiengesellschaft
AT;20330;SPPBAT21XXX;Sparkasse Eferding-Peuerbach-Waizenkirchen
AT;20331;SPPRAT21XXX;Sparkasse Pregarten - Unterweißenbach AG
AT;20333;SPRHAT21XXX;Sparkasse Ried im Innkreis-Haag am Hausruck
AT;20334;SMWRAT21XXX;Sparkasse Mühlviertel-West Bank Aktiengesellschaft
AT;20402;SPMIAT21XXX;Sparkasse Mittersill Bank AG
AT;20404;SBGSAT2SXXX;Erste Bank der oesterreichischen Sparkassen AG
AT;20502;SPIMAT21XXX;Sparkasse Imst AG
AT;20503;SPIHAT22XXX;Tiroler Sparkasse Bankaktiengesellschaft Innsbruck
AT;20505;SPKIAT2KXXX;Sparkasse der Stadt Kitzbühel
AT;20506;SPKUAT22XXX;Sparkasse Kufstein Tiroler Sparkasse von 1877
AT;20507;LISPAT21XXX;Lienzer Sparkasse AG
AT;20508;SPRTAT21XXX;Sparkasse Rattenberg Bank AG
AT;20509;SPREAT21XXX;Sparkasse Reutte AG
AT;20510;SPSCAT22XXX;Sparkasse Schwaz AG
AT;20601;SPBRAT2BXXX;Sparkasse Bregenz Bank Aktiengesellschaft
AT;20602;DOSPAT2DXXX;Dornbirner Sparkasse Bank AG
AT;20603;SPEGAT21XXX;Sparkasse der Gemeinde Egg
AT;20604;SPFKAT2BXXX;Sparkasse der Stadt Feldkirch
AT;20607;SSBLAT21XXX;Sparkasse Bludenz Bank AG
AT;20702;SPFNAT21XXX;Sparkasse Feldkirchen/Kärnten
AT;20706;KSPKAT2KXXX;Kärntner Sparkasse Aktiengesellschaft
AT;20815;STSPAT2GXXX;Steiermärkische Bank und Sparkassen Aktiengesellschaft
AT;20828;SPMZAT21XXX;Sparkasse Mürzzuschlag Aktiengesellschaft
AT;20833;SPPLAT21XXX;Sparkasse Pöllau AG
AT;20839;SPVOAT21XXX;Sparkasse Voitsberg-Köflach Bankaktiengesellschaft
AT;24012;BAOSATWWXXX;Bausparkasse der österreichischen Sparkassen Aktiengesellschaft
AT;30000;RZBAATWWXXX;Raiffeisen Bank International AG
AT;31000;RZBAATWWXXX;Raiffeisen Bank International AG
AT;31111;RZBAATWWVAM;Raiffeisen Bank International AG
AT;31112;RZBAATWWREC;Raiffeisen Bank International AG
AT;31303;RBSKATW1XXX;Raiffeisen Bausparkasse Gesellschaft m.b.H.
AT;31500;NTBAATWWXXX;NOTARTREUHANDBANK AG
AT;32000;RLNWATWWXXX;RAIFFEISENLANDESBANK NIEDERÖSTERREICH-WIEN AG
AT;32002;RLNWATW1002;Raiffeisenbank Wagram-Schmidatal eGen
AT;32025;RLNWATWWAMS;Raiffeisenbank Region Amstetten eGen
AT;32033;RLNWATWWAMS;Raiffeisenbank Region Amstetten eGen
AT;32039;RLNWATWWWDF;Raiffeisenbank Wolkersdorf - Auersthal eGen
AT;32045;RLNWATWWBAD;Raiffeisenbank Region Baden eGen
AT;32059;RLNWATW1059;Raiffeisenkasse Blindenmarkt eGen
AT;32073;RLNWATWWBRL;Raiffeisenbank Bruck-Carnuntum eGen
AT;32092;RLNWATWWGAE;Raiffeisen-Regionalbank Gänserndorf eGen
AT;32099;RLNWATW1099;Raiffeisenkasse Dobersberg-Waldkirchen eGen
AT;32118;RLNWATWWBAD;Raiffeisenbank Region Baden eGen
AT;32123;RLNWATWW123;Raiffeisenbank Eggenburg eGen
AT;32127;RLNWATWWWTH;Raiffeisenbank im Thayatal eGen
AT;32145;RLNWATW1145;Raiffeisenkasse Ernstbrunn eGen
AT;32195;RLNWATWWASP;Raiffeisenbank Region Wiener Alpen eGen
AT;32198;RLNWATW1322;Raiffeisenbank Hollabrunn eGen
AT;32227;RLNWATWWZDF;Raiffeisenbank Weinviertel Nordost eGen
AT;32242;RLNWATW1002;Raiffeisenbank Wagram-Schmidatal eGen
AT;32247;RLNWATWWBAD;Raiffeisenbank Region Baden eGen
AT;32250;RLNWATWWGTD;Raiffeisen Regionalbank Mödling eGen
AT;32275;RLNWATW1275;Raiffeisenbank Seefeld-Hadres eGen
AT;32278;RLNWATWW278;Raiffeisenkasse Haidershofen eGen
AT;32286;RLNWATW1286;Raiffeisenkasse Heiligeneich eGen
AT;32291;RLNWATW1002;Raiffeisenbank Wagram-Schmidatal eGen
AT;32322;RLNWATW1322;Raiffeisenbank Hollabrunn eGen
AT;32356;RLNWATWWOBG;Raiffeisenbank Region St. Pölten eGen
AT;32367;RLNWATW1880;Raiffeisenbank Tulln-Klosterneuburg eGen
AT;32368;RLNWATW1477;Raiffeisenbank Region Schallaburg eGen
AT;32374;RLNWATWWASP;Raiffeisenbank Region Wiener Alpen eGen
AT;32395;RLNWATWWKOR;Raiffeisenbank Korneuburg eGen
AT;32397;RLNWATWWKRE;Raiffeisenbank Krems eGen
AT;32413;RLNWATWWLAA;Raiffeisenbank Laa/Thaya eGen
AT;32414;RLNWATWWPRB;Raiffeisenbank Wienerwald eGen
AT;32415;RLNWATWWOWS;Raiffeisenbank Oberes Waldviertel eGen
AT;32426;RLNWATWW426;Raiffeisenbank Langenlois eGen
AT;32438;RLNWATW1438;Raiffeisenbank Kreuzenstein eGen
AT;32447;RLNWATWWLFD;Raiffeisenbank Traisen-Gölsental eGen
AT;32455;RLNWATW1477;Raiffeisenbank Region Schallaburg eGen
AT;32477;RLNWATW1477;Raiffeisenbank Region Schallaburg eGen
AT;32497;RLNWATW1880;Raiffeisenbank Tulln-Klosterneuburg eGen
AT;32501;RLNWATWWMIB;Raiffeisenbank im Weinviertel eGen
AT;32551;RLNWATWWNSD;Raiffeisenkasse Neusiedl a.d.Zaya eGen
AT;32585;RLNWATWWOBG;Raiffeisenbank Region St. Pölten eGen
AT;32589;RLNWATW1589;Raiffeisenbank Gross Gerungs eGen
AT;32614;RLNWATWWODO;Raiffeisenkasse Orth a.d. Donau eGen
AT;32615;RLNWATWWZWE;Raiffeisenbank Region Waldviertel Mitte eGen
AT;32631;RLNWATWWASP;Raiffeisenbank Region Wiener Alpen eGen
AT;32633;RLNWATWWGTD;Raiffeisen Regionalbank Mödling eGen
AT;32642;RLNWATWWWRN;Raiffeisenbank Wr. Neustadt-Schneebergland eGen
AT;32647;RLNWATWWASP;Raiffeisenbank Region Wiener Alpen eGen
AT;32651;RLNWATWW939;Raiffeisenbank Mittleres Mostviertel eGen
AT;32660;RLNWATWWASP;Raiffeisenbank Region Wiener Alpen eGen
AT;32663;RLNWATWWMIB;Raiffeisenbank im Weinviertel eGen
AT;32667;RLNWATWWPRB;Raiffeisenbank Wienerwald eGen
AT;32679;RLNWATW1477;Raiffeisenbank Region Schallaburg eGen
AT;32715;RLNWATW1715;Raiffeisenkasse Retz-Pulkautal eGen
AT;32731;RLNWATW1438;Raiffeisenbank Kreuzenstein eGen
AT;32769;RLNWATWWOBG;Raiffeisenbank Region St. Pölten eGen
AT;32778;RLNWATWWAMS;Raiffeisenbank Region Amstetten eGen
AT;32789;RLNWATWWAMS;Raiffeisenbank Region Amstetten eGen
AT;32823;RLNWATWW823;Raiffeisenbank Region Schwechat eGen
AT;32842;RLNWATWWSTO;Raiffeisenbank Stockerau eGen
AT;32865;RLNWATWWWRN;Raiffeisenbank Wr. Neustadt-Schneebergland eGen
AT;32880;RLNWATW1880;Raiffeisenbank Tulln-Klosterneuburg eGen
AT;32901;RLNWATW1901;Raiffeisenbank Vitis eGen
AT;32904;RLNWATWWWTH;Raiffeisenbank im Thayatal eGen
AT;32906;RLNWATWWWHY;Raiffeisenbank Ybbstal eGen
AT;32930;RLNWATWWBAD;Raiffeisenbank Region Baden eGen
AT;32936;RLNWATWWOWS;Raiffeisenbank Oberes Waldviertel eGen
AT;32937;RLNWATWWWRN;Raiffeisenbank Wr. Neustadt-Schneebergland eGen
AT;32939;RLNWATWW939;Raiffeisenbank Mittleres Mostviertel eGen
AT;32940;RLNWATWWWRN;Raiffeisenbank Wr. Neustadt-Schneebergland eGen
AT;32944;RLNWATWWLFD;Raiffeisenbank Traisen-Gölsental eGen
AT;32951;RLNWATWWWDF;Raiffeisenbank Wolkersdorf - Auersthal eGen
AT;32982;RLNWATW1322;Raiffeisenbank Hollabrunn eGen
AT;32985;RLNWATWWZDF;Raiffeisenbank Weinviertel Nordost eGen
AT;32990;RLNWATWWZWE;Raiffeisenbank Region Waldviertel Mitte eGen
AT;33000;RLBBAT2EXXX;Raiffeisenlandesbank Burgenland und Revisionsverband eGen
AT;33002;RLBBAT2E038;Raiffeisen Bezirksbank Neusiedl Ost eGen
AT;33004;RLBBAT2E038;Raiffeisen Bezirksbank Neusiedl Ost eGen
AT;33010;RLBBAT2E010;Raiffeisenbank Region Deutschkreutz-Horitschon eGen
AT;33012;RLBBAT2E012;Raiffeisenbank Neusiedlersee-Hügelland eGen
AT;33014;RLBBAT2E014;Raiffeisenbank Draßmarkt-Kobersdorf-St. Martin eGen
AT;33027;RLBBAT2E027;Raiffeisen Regionalbank Güssing-Jennersdorf eGen
AT;33028;RLBBAT2E038;Raiffeisen Bezirksbank Neusiedl Ost eGen
AT;33031;RLBBAT2E010;Raiffeisenbank Region Deutschkreutz-Horitschon eGen
AT;33033;RLBBAT2E038;Raiffeisen Bezirksbank Neusiedl Ost eGen
AT;33034;RLBBAT2E027;Raiffeisen Regionalbank Güssing-Jennersdorf eGen
AT;33035;RLBBAT2EXXX;Raiffeisenlandesbank Burgenland und Revisionsverband eGen
AT;33038;RLBBAT2E038;Raiffeisen Bezirksbank Neusiedl Ost eGen
AT;33041;RLBBAT2E027;Raiffeisen Regionalbank Güssing-Jennersdorf eGen
AT;33046;RLBBAT2E065;Raiffeisenbank Burgenland Mitte eGen
AT;33048;RLBBAT2E010;Raiffeisenbank Region Deutschkreutz-Horitschon eGen
AT;33054;RLBBAT2E116;Raiffeisenbank Frauenkirchen-Mönchhof-Podersdorf am See eGen
AT;33055;RLBBAT2E012;Raiffeisenbank Neusiedlersee-Hügelland eGen
AT;33058;RLBBAT2E010;Raiffeisenbank Region Deutschkreutz-Horitschon eGen
AT;33063;RLBBAT2E038;Raiffeisen Bezirksbank Neusiedl Ost eGen
AT;33065;RLBBAT2E065;Raiffeisenbank Burgenland Mitte eGen
AT;33067;RLBBAT2E125;Raiffeisenbezirksbank Oberwart eGen
AT;33071;RLBBAT2E038;Raiffeisen Bezirksbank Neusiedl Ost eGen
AT;33072;RLBBAT2E072;Raiffeisenbank Region Parndorf - Weiden am See eGen
AT;33074;RLBBAT2E116;Raiffeisenbank Frauenkirchen-Mönchhof-Podersdorf am See eGen
AT;33078;RLBBAT2E078;Raiffeisenbank Purbach eGen
AT;33085;RLBBAT2E012;Raiffeisenbank Neusiedlersee-Hügelland eGen
AT;33090;RLBBAT2E038;Raiffeisen Bezirksbank Neusiedl Ost eGen
AT;33092;RLBBAT2E012;Raiffeisenbank Neusiedlersee-Hügelland eGen
AT;33104;RLBBAT2E038;Raiffeisen Bezirksbank Neusiedl Ost eGen
AT;33106;RLBBAT2E072;Raiffeisenbank Region Parndorf - Weiden am See eGen
AT;33114;RLBBAT2E038;Raiffeisen Bezirksbank Neusiedl Ost eGen
AT;33116;RLBBAT2E116;Raiffeisenbank Frauenkirchen-Mönchhof-Podersdorf am See eGen
AT;33118;RLBBAT2E038;Raiffeisen Bezirksbank Neusiedl Ost eGen
AT;33124;RLBBAT2E065;Raiffeisenbank Burgenland Mitte eGen
AT;33125;RLBBAT2E125;Raiffeisenbezirksbank Oberwart eGen
AT;33135;RLBBAT2EXXX;Raiffeisenlandesbank Burgenland und Revisionsverband eGen
AT;34000;RZOOAT2LXXX;Raiffeisenlandesbank Oberösterreich Aktiengesellschaft
AT;34016;RZOOAT2L016;Raiffeisenbank Aspach-Wildenau eGen
AT;34030;RZOOAT2L030;Raiffeisenbank Region Altheim eGen
AT;34060;RZOOAT2L060;Raiffeisenbank Region Braunau eGen
AT;34068;RZOOAT2L068;Raiffeisenbank Grein eGen
AT;34075;RZOOAT2L075;Raiffeisenbank Donau-Ameisberg eGen
AT;34080;RZOOAT2L080;Raiffeisenbank Ennstal eGen
AT;34081;RZOOAT2L081;Raiffeisenbank Eberschwang-Pramet eGen
AT;34083;RZOOAT2L083;Raiffeisenbank Region Traun-Alm eGen
AT;34100;RZOOAT2L100;Raiffeisenbank Feldkirchen-Goldwörth eGen
AT;34110;RZOOAT2L110;Raiffeisenbank Region Freistadt eGen
AT;34111;RZOOAT2L111;Raiffeisenbank Region Gallneukirchen eGen
AT;34113;RZOOAT2L113;Raiffeisenbank Gampern eGen
AT;34114;RZOOAT2L114;Raiffeisenbank Steyr eGen
AT;34118;RZOOAT2L118;Raiffeisenbank Geretsberg eGen
AT;34126;RZOOAT2L080;Raiffeisenbank Ennstal eGen
AT;34127;RZOOAT2L127;Raiffeisenbank Almtal eGen
AT;34129;RZOOAT2L129;Raiffeisenbank Gunskirchen eGen
AT;34135;RZOOAT2L135;Raiffeisenbank Gramastetten Rodltal eGen
AT;34155;RZOOAT2L155;Raiffeisenbank Handenberg - St. Georgen a. F. eGen
AT;34157;RZOOAT2L560;Raiffeisenbank Region Sierning-Enns eGen
AT;34160;RZOOAT2L410;Raiffeisenbank Region Rohrbach eGen
AT;34161;RZOOAT2L111;Raiffeisenbank Region Gallneukirchen eGen
AT;34165;RZOOAT2L491;Raiffeisenbank Pyhrn-Priel eGen
AT;34170;RZOOAT2L276;Raiffeisenbank Linz-Land West eGen
AT;34180;RZOOAT2L180;Raiffeisenbank Region Eferding eGen
AT;34200;RZOOAT2L200;Raiffeisenbank Innkreis Mitte eGen
AT;34214;RZOOAT2L214;Raiffeisenbank Kematen-Neuhofen eGen
AT;34226;RZOOAT2L226;Raiffeisenbank Kleinmünchen/Linz eGen
AT;34231;RZOOAT2L231;Raiffeisenbank Kollerschlag eGen
AT;34233;RZOOAT2L380;Raiffeisenbank Region Kirchdorf eGen
AT;34234;RZOOAT2L680;Raiffeisenbank Wels eGen
AT;34250;RZOOAT2L250;Raiffeisenbank Region Hausruck eGen
AT;34276;RZOOAT2L276;Raiffeisenbank Linz-Land West eGen
AT;34277;RZOOAT2L277;Raiffeisenbank Region Bad Leonfelden eGen
AT;34284;RZOOAT2L450;Raiffeisenbank Region Ried i.I. eGen
AT;34290;RZOOAT2L290;Raiffeisenbank Lochen am See eGen
AT;34300;RZOOAT2L300;Raiffeisenbank Region Neufelden eGen
AT;34303;RZOOAT2L303;Raiffeisenbank Mattigtal eGen
AT;34312;RZOOAT2L312;Raiffeisenbank Maria Schmolln-St. Johann eGen
AT;34313;RZOOAT2L736;Raiffeisenbank Region Grieskirchen eGen
AT;34318;RZOOAT2L380;Raiffeisenbank Region Kirchdorf eGen
AT;34321;RZOOAT2L380;Raiffeisenbank Region Kirchdorf eGen
AT;34322;RZOOAT2L322;Raiffeisenbank Mondseeland eGen
AT;34330;RZOOAT2L330;Raiffeisenbank Mühlviertler Alm eGen
AT;34356;RZOOAT2L523;Raiffeisenbank Attergau eGen
AT;34361;RZOOAT2L300;Raiffeisenbank Region Neufelden eGen
AT;34362;RZOOAT2L380;Raiffeisenbank Region Kirchdorf eGen
AT;34363;RZOOAT2L363;Raiffeisenbank Attersee-Süd eGen
AT;34370;RZOOAT2L370;Raiffeisenbank Oberes Innviertel eGen
AT;34380;RZOOAT2L380;Raiffeisenbank Region Kirchdorf eGen
AT;34383;RZOOAT2L135;Raiffeisenbank Gramastetten Rodltal eGen
AT;34390;RZOOAT2L390;Raiffeisenbank Ohlsdorf eGen
AT;34400;RZOOAT2L630;Raiffeisenbank Region Schwanenstadt eGen
AT;34410;RZOOAT2L410;Raiffeisenbank Region Rohrbach eGen
AT;34420;RZOOAT2L330;Raiffeisenbank Mühlviertler Alm eGen
AT;34427;RZOOAT2L380;Raiffeisenbank Region Kirchdorf eGen
AT;34430;RZOOAT2L129;Raiffeisenbank Gunskirchen eGen
AT;34434;RZOOAT2L434;Raiffeisenbank Pöndorf - Frankenmarkt eGen
AT;34437;RZOOAT2L437;Raiffeisenbank Prambachkirchen eGen
AT;34438;RZOOAT2L081;Raiffeisenbank Eberschwang-Pramet eGen
AT;34442;RZOOAT2L442;Raiffeisenbank Region Peuerbach eGen
AT;34450;RZOOAT2L450;Raiffeisenbank Region Ried i.I. eGen
AT;34455;RZOOAT2L455;Raiffeisenbank Region Schärding eGen
AT;34460;RZOOAT2L460;Raiffeisenbank Aist eGen
AT;34475;RZOOAT2L111;Raiffeisenbank Region Gallneukirchen eGen
AT;34481;RZOOAT2L380;Raiffeisenbank Region Kirchdorf eGen
AT;34491;RZOOAT2L491;Raiffeisenbank Pyhrn-Priel eGen
AT;34510;RZOOAT2L510;Raiffeisenbank Salzkammergut eGen
AT;34521;RZOOAT2L442;Raiffeisenbank Region Peuerbach eGen
AT;34522;RZOOAT2L522;Raiffeisenbank St.Florian am Inn eGen
AT;34523;RZOOAT2L523;Raiffeisenbank Attergau eGen
AT;34530;RZOOAT2L530;Raiffeisenbank St. Marien eGen
AT;34535;RZOOAT2L300;Raiffeisenbank Region Neufelden eGen
AT;34540;RZOOAT2L540;Raiffeisenbank St. Roman eGen
AT;34543;RZOOAT2L114;Raiffeisenbank Steyr eGen
AT;34545;RZOOAT2L545;Raiffeisenbank Inneres Salzkammergut eGen
AT;34560;RZOOAT2L560;Raiffeisenbank Region Sierning-Enns eGen
AT;34606;RZOOAT2L380;Raiffeisenbank Region Kirchdorf eGen
AT;34608;RZOOAT2L608;Raiffeisenbank Attersee-Nord eGen
AT;34613;RZOOAT2L460;Raiffeisenbank Aist eGen
AT;34630;RZOOAT2L630;Raiffeisenbank Region Schwanenstadt eGen
AT;34633;RZOOAT2L633;Raiffeisenbank Steinbach-Grünburg eGen
AT;34637;RZOOAT2L777;Raiffeisenbank Perg eGen
AT;34661;RZOOAT2L060;Raiffeisenbank Region Braunau eGen
AT;34669;RZOOAT2L669;Raiffeisenbank Timelkam-Lenzing-Puchkirchen eGen
AT;34680;RZOOAT2L680;Raiffeisenbank Wels eGen
AT;34710;RZOOAT2L710;Raiffeisenbank Region Vöcklabruck eGen
AT;34732;RZOOAT2L732;Raiffeisenbank Walding-Ottensheim eGen
AT;34735;RZOOAT2L450;Raiffeisenbank Region Ried i.I. eGen
AT;34736;RZOOAT2L736;Raiffeisenbank Region Grieskirchen eGen
AT;34738;RZOOAT2L738;Raiffeisenbank Wartberg an der Krems eGen
AT;34741;RZOOAT2L741;Raiffeisenbank Weißkirchen a.d. Traun eGen
AT;34747;RZOOAT2L747;Raiffeisenbank Weyer eGen
AT;34750;RZOOAT2L083;Raiffeisenbank Region Traun-Alm eGen
AT;34770;RZOOAT2L770;Raiffeisenbank Wels Süd eGen
AT;34777;RZOOAT2L777;Raiffeisenbank Perg eGen
AT;34796;RZOOAT2LXXX;Raiffeisenlandesbank Oberösterreich Aktiengesellschaft
AT;34920;RZOOAT2LXXX;Raiffeisenlandesbank Oberösterreich Aktiengesellschaft
AT;34921;RZOOAT2LXXX;Raiffeisenlandesbank Oberösterreich Aktiengesellschaft
AT;34922;RZOOAT2LXXX;Raiffeisenlandesbank Oberösterreich Aktiengesellschaft
AT;34923;RZOOAT2LXXX;Raiffeisenlandesbank Oberösterreich Aktiengesellschaft
AT;34950;RZOOAT2LXXX;Raiffeisenlandesbank Oberösterreich Aktiengesellschaft
AT;34955;RZOOAT2LXXX;Raiffeisenlandesbank Oberösterreich Aktiengesellschaft
AT;35000;RVSAAT2SXXX;Raiffeisenverband Salzburg eGen
AT;35001;RVSAAT2S001;Raiffeisenbank Lammertal eGen
AT;35003;RVSAAT2S053;Raiffeisenbank Pinzgau Mitte eGen
AT;35004;RVSAAT2S004;Raiffeisenbank Altenmarkt-Flachau-Eben eGen
AT;35005;RVSAAT2S018;Raiffeisenbank Untersberg eGen
AT;35006;RVSAAT2S001;Raiffeisenbank Lammertal eGen
AT;35007;RVSAAT2S007;Raiffeisenbank Anthering - Elixhausen eGen
AT;35008;RVSAAT2S015;Raiffeisenbank Flachgau Mitte eGen
AT;35009;RVSAAT2S047;Raiffeisenbank Salzburger Seenland eGen
AT;35010;RVSAAT2S055;Raiffeisenbank Pongau Mitte eGen
AT;35011;RVSAAT2S039;Raiffeisenbank Oberpinzgau eGen
AT;35012;RVSAAT2S012;Raiffeisenbank Hohe Tauern eGen
AT;35013;RVSAAT2S053;Raiffeisenbank Pinzgau Mitte eGen
AT;35014;RVSAAT2S007;Raiffeisenbank Anthering - Elixhausen eGen
AT;35015;RVSAAT2S015;Raiffeisenbank Flachgau Mitte eGen
AT;35016;RVSAAT2S016;Raiffeisenbank Faistenau-Hintersee eGen
AT;35017;RVSAAT2S017;Raiffeisenbank Golling-Scheffau-Kellau eGen
AT;35018;RVSAAT2S018;Raiffeisenbank Untersberg eGen
AT;35019;RVSAAT2S019;Raiffeisenbank Großarl-Hüttschlag eGen
AT;35020;RVSAAT2S020;Raiffeisenbank Großgmain eGen
AT;35021;RVSAAT2S021;Raiffeisenbank Wallersee eGen
AT;35022;RVSAAT2S022;Raiffeisenbank Hallein-Oberalm eGen
AT;35023;RVSAAT2S015;Raiffeisenbank Flachgau Mitte eGen
AT;35024;RVSAAT2S021;Raiffeisenbank Wallersee eGen
AT;35025;RVSAAT2S065;Raiffeisenbank Fuschlsee West eGen
AT;35026;RVSAAT2S026;Raiffeisenbank Gastein eGen
AT;35027;RVSAAT2S027;Raiffeisenbank Hüttau-St. Martin eGen
AT;35028;RVSAAT2S039;Raiffeisenbank Oberpinzgau eGen
AT;35029;RVSAAT2S029;Raiffeisenbank Kuchl-St. Koloman eGen
AT;35030;RVSAAT2S030;Raiffeisenbank Flachgau Nord eGen
AT;35031;RVSAAT2S053;Raiffeisenbank Pinzgau Mitte eGen
AT;35034;RVSAAT2S034;Raiffeisenbank Salzburg Liefering-Maxglan-Siezenheim eGen
AT;35035;RVSAAT2S053;Raiffeisenbank Pinzgau Mitte eGen
AT;35036;RVSAAT2S063;Raiffeisenbank Lungau eGen
AT;35037;RVSAAT2S063;Raiffeisenbank Lungau eGen
AT;35038;RVSAAT2S030;Raiffeisenbank Flachgau Nord eGen
AT;35039;RVSAAT2S039;Raiffeisenbank Oberpinzgau eGen
AT;35042;RVSAAT2S039;Raiffeisenbank Oberpinzgau eGen
AT;35043;RVSAAT2S012;Raiffeisenbank Hohe Tauern eGen
AT;35044;RVSAAT2S030;Raiffeisenbank Flachgau Nord eGen
AT;35045;RVSAAT2S022;Raiffeisenbank Hallein-Oberalm eGen
AT;35046;RVSAAT2S030;Raiffeisenbank Flachgau Nord eGen
AT;35047;RVSAAT2S047;Raiffeisenbank Salzburger Seenland eGen
AT;35048;RVSAAT2S012;Raiffeisenbank Hohe Tauern eGen
AT;35049;RVSAAT2S049;Raiffeisenbank Radstadt-Untertauern-Filzmoos-Forstau registrierte Genossenschaft mit beschränkter Haftung
AT;35050;RVSAAT2S063;Raiffeisenbank Lungau eGen
AT;35051;RVSAAT2S051;Raiffeisenbank Rauris-Bucheben eGen
AT;35052;RVSAAT2S052;Raiffeisenbank Saalbach-Hinterglemm-Viehhofen eGen
AT;35053;RVSAAT2S053;Raiffeisenbank Pinzgau Mitte eGen
AT;35054;RVSAAT2S034;Raiffeisenbank Salzburg Liefering-Maxglan-Siezenheim eGen
AT;35055;RVSAAT2S055;Raiffeisenbank Pongau Mitte eGen
AT;35056;RVSAAT2S056;Raiffeisenbank St.Gilgen-Fuschl-Strobl eGen
AT;35057;RVSAAT2S069;Raiffeisenbank St. Johann-Wagrain-Kleinarl eGen
AT;35058;RVSAAT2S029;Raiffeisenbank Kuchl-St. Koloman eGen
AT;35060;RVSAAT2S060;Raiffeisenbank St. Martin-Lofer-Weißbach eGen
AT;35061;RVSAAT2S063;Raiffeisenbank Lungau eGen
AT;35062;RVSAAT2S062;Raiffeisenbank Straßwalchen eGen
AT;35063;RVSAAT2S063;Raiffeisenbank Lungau eGen
AT;35064;RVSAAT2S064;Raiffeisenbank Taxenbach eGen
AT;35065;RVSAAT2S065;Raiffeisenbank Fuschlsee West eGen
AT;35066;RVSAAT2S066;Raiffeisenbank Unken eGen
AT;35068;RVSAAT2S039;Raiffeisenbank Oberpinzgau eGen
AT;35069;RVSAAT2S069;Raiffeisenbank St. Johann-Wagrain-Kleinarl eGen
AT;35070;RVSAAT2S039;Raiffeisenbank Oberpinzgau eGen
AT;35071;RVSAAT2S071;Raiffeisenbank Wals-Himmelreich eGen
AT;35072;RVSAAT2S055;Raiffeisenbank Pongau Mitte eGen
AT;35075;RVSAAT2S047;Raiffeisenbank Salzburger Seenland eGen
AT;35101;RVSAAT2S001;Raiffeisenbank Lammertal eGen
AT;35104;RVSAAT2S004;Raiffeisenbank Altenmarkt-Flachau-Eben eGen
AT;35105;RVSAAT2S018;Raiffeisenbank Untersberg eGen
AT;35108;RVSAAT2S015;Raiffeisenbank Flachgau Mitte eGen
AT;35109;RVSAAT2S047;Raiffeisenbank Salzburger Seenland eGen
AT;35110;RVSAAT2S055;Raiffeisenbank Pongau Mitte eGen
AT;35111;RVSAAT2S039;Raiffeisenbank Oberpinzgau eGen
AT;35112;RVSAAT2S012;Raiffeisenbank Hohe Tauern eGen
AT;35115;RVSAAT2S015;Raiffeisenbank Flachgau Mitte eGen
AT;35118;RVSAAT2S018;Raiffeisenbank Untersberg eGen
AT;35119;RVSAAT2S019;Raiffeisenbank Großarl-Hüttschlag eGen
AT;35121;RVSAAT2S021;Raiffeisenbank Wallersee eGen
AT;35122;RVSAAT2S022;Raiffeisenbank Hallein-Oberalm eGen
AT;35125;RVSAAT2S065;Raiffeisenbank Fuschlsee West eGen
AT;35126;RVSAAT2S026;Raiffeisenbank Gastein eGen
AT;35127;RVSAAT2S027;Raiffeisenbank Hüttau-St. Martin eGen
AT;35130;RVSAAT2S030;Raiffeisenbank Flachgau Nord eGen
AT;35139;RVSAAT2S039;Raiffeisenbank Oberpinzgau eGen
AT;35147;RVSAAT2S047;Raiffeisenbank Salzburger Seenland eGen
AT;35149;RVSAAT2S049;Raiffeisenbank Radstadt-Untertauern-Filzmoos-Forstau registrierte Genossenschaft mit beschränkter Haftung
AT;35152;RVSAAT2S052;Raiffeisenbank Saalbach-Hinterglemm-Viehhofen eGen
AT;35154;RVSAAT2S034;Raiffeisenbank Salzburg Liefering-Maxglan-Siezenheim eGen
AT;35155;RVSAAT2S055;Raiffeisenbank Pongau Mitte eGen
AT;35156;RVSAAT2S056;Raiffeisenbank St.Gilgen-Fuschl-Strobl eGen
AT;35160;RVSAAT2S060;Raiffeisenbank St. Martin-Lofer-Weißbach eGen
AT;35161;RVSAAT2S063;Raiffeisenbank Lungau eGen
AT;35163;RVSAAT2S063;Raiffeisenbank Lungau eGen
AT;35164;RVSAAT2S064;Raiffeisenbank Taxenbach eGen
AT;35169;RVSAAT2S069;Raiffeisenbank St. Johann-Wagrain-Kleinarl eGen
AT;35170;RVSAAT2S039;Raiffeisenbank Oberpinzgau eGen
AT;35172;RVSAAT2S055;Raiffeisenbank Pongau Mitte eGen
AT;35204;RVSAAT2S004;Raiffeisenbank Altenmarkt-Flachau-Eben eGen
AT;35212;RVSAAT2S012;Raiffeisenbank Hohe Tauern eGen
AT;35215;RVSAAT2S015;Raiffeisenbank Flachgau Mitte eGen
AT;35221;RVSAAT2S021;Raiffeisenbank Wallersee eGen
AT;35225;RVSAAT2S065;Raiffeisenbank Fuschlsee West eGen
AT;35226;RVSAAT2S026;Raiffeisenbank Gastein eGen
AT;35239;RVSAAT2S039;Raiffeisenbank Oberpinzgau eGen
AT;35249;RVSAAT2S049;Raiffeisenbank Radstadt-Untertauern-Filzmoos-Forstau registrierte Genossenschaft mit beschränkter Haftung
AT;35255;RVSAAT2S055;Raiffeisenbank Pongau Mitte eGen
AT;35256;RVSAAT2S056;Raiffeisenbank St.Gilgen-Fuschl-Strobl eGen
AT;35261;RVSAAT2S063;Raiffeisenbank Lungau eGen
AT;35263;RVSAAT2S063;Raiffeisenbank Lungau eGen
AT;35272;RVSAAT2S055;Raiffeisenbank Pongau Mitte eGen
AT;35310;RVSAAT2S055;Raiffeisenbank Pongau Mitte eGen
AT;35312;RVSAAT2S012;Raiffeisenbank Hohe Tauern eGen
AT;35322;RVSAAT2S022;Raiffeisenbank Hallein-Oberalm eGen
AT;35339;RVSAAT2S039;Raiffeisenbank Oberpinzgau eGen
AT;35352;RVSAAT2S052;Raiffeisenbank Saalbach-Hinterglemm-Viehhofen eGen
AT;35361;RVSAAT2S063;Raiffeisenbank Lungau eGen
AT;35371;RVSAAT2S071;Raiffeisenbank Wals-Himmelreich eGen
AT;35404;RVSAAT2S004;Raiffeisenbank Altenmarkt-Flachau-Eben eGen
AT;35422;RVSAAT2S022;Raiffeisenbank Hallein-Oberalm eGen
AT;35452;RVSAAT2S052;Raiffeisenbank Saalbach-Hinterglemm-Viehhofen eGen
AT;35522;RVSAAT2S022;Raiffeisenbank Hallein-Oberalm eGen
AT;36000;RZTIAT22XXX;Raiffeisen-Landesbank Tirol AG
AT;36200;RZTIAT22200;Raiffeisenbank Absam-Thaur-Volders eGen
AT;36201;RZTIAT22218;Raiffeisen Regionalbank Achensee eGen
AT;36203;RZTIAT22203;Raiffeisenbank Alpbachtal eGen
AT;36207;RZTIAT22353;Raiffeisenbank Pitztal eGen
AT;36209;RZTIAT22336;Raiffeisenbank Tirol Mitte West eGen
AT;36213;RZTIAT22358;Raiffeisen Bezirksbank Kufstein eGen
AT;36215;RZTIAT22215;Raiffeisenbank Brixen im Thale eGen
AT;36216;RZTIAT22358;Raiffeisen Bezirksbank Kufstein eGen
AT;36218;RZTIAT22218;Raiffeisen Regionalbank Achensee eGen
AT;36219;RZTIAT22219;Raiffeisenbank Ehrwald-Lermoos-Biberwier eGen
AT;36220;RBRTAT22XXX;Raiffeisenbank Oberland-Reutte eGen
AT;36223;RZTIAT22358;Raiffeisen Bezirksbank Kufstein eGen
AT;36229;RZTIAT22229;Raiffeisen Regionalbank Fügen-Kaltenbach-Zell eGen
AT;36230;RZTIAT22329;Raiffeisenbank Wipptal - Stubaital Mitte eGen
AT;36232;RZTIAT22232;RaiffeisenBank Going eGen
AT;36236;RZTIAT22358;Raiffeisen Bezirksbank Kufstein eGen
AT;36240;RZTIAT22241;Raiffeisenbank Hippach-Hart eGen
AT;36241;RZTIAT22241;Raiffeisenbank Hippach-Hart eGen
AT;36245;RZTIAT22245;Raiffeisenbank Wilder Kaiser - Brixental West eGen
AT;36248;RZTIAT22248;Raiffeisenbank Arlberg Silvretta eGen
AT;36249;RZTIAT22218;Raiffeisen Regionalbank Achensee eGen
AT;36252;RZTIAT22248;Raiffeisenbank Arlberg Silvretta eGen
AT;36254;RZTIAT22263;Raiffeisenbank Kitzbühel - St. Johann eGen
AT;36260;RZTIAT22336;Raiffeisenbank Tirol Mitte West eGen
AT;36262;RZTIAT22264;Raiffeisenbank Kössen-Kirchdorf eGen
AT;36263;RZTIAT22263;Raiffeisenbank Kitzbühel - St. Johann eGen
AT;36264;RZTIAT22264;Raiffeisenbank Kössen-Kirchdorf eGen
AT;36265;RZTIAT22322;Raiffeisen Regionalbank Schwaz-Wattens eGen
AT;36267;RZTIAT22267;Raiffeisenbank Kundl-Münster eGen
AT;36268;RZTIAT22268;Raiffeisenbank im Ötztal und Umgebung eGen
AT;36269;RZTIAT22339;Raiffeisenbank Langkampfen-Thiersee eGen
AT;36272;RZTIAT22322;Raiffeisen Regionalbank Schwaz-Wattens eGen
AT;36273;RZTIAT22273;Raiffeisenbank Matrei am Brenner und Umgebung eGen
AT;36274;RZTIAT22274;Raiffeisenbank Mayrhofen und Umgebung eGen
AT;36275;RZTIAT22285;Raiffeisenbank Neustift-Mieders-Schönberg im Stubaital eGen
AT;36276;RZTIAT22336;Raiffeisenbank Tirol Mitte West eGen
AT;36279;RZTIAT22267;Raiffeisenbank Kundl-Münster eGen
AT;36281;RZTIAT22281;Raiffeisenkasse für Mutters, Natters und Kreith registrierte Genossenschaft mit beschränkter Haftung
AT;36283;RZTIAT22283;Raiffeisenbank Serfaus-Fiss-Ried-Nauders eGen
AT;36285;RZTIAT22285;Raiffeisenbank Neustift-Mieders-Schönberg im Stubaital eGen
AT;36291;RZTIAT22268;Raiffeisenbank im Ötztal und Umgebung eGen
AT;36303;RZTIAT22203;Raiffeisenbank Alpbachtal eGen
AT;36305;RBRTAT22XXX;Raiffeisenbank Oberland-Reutte eGen
AT;36306;RZTIAT22315;Raiffeisenbank Serfaus-Fiss-Ried-Nauders eGen
AT;36310;RZTIAT22310;Raiffeisenkasse Rum-Innsbruck/Arzl eGen
AT;36314;RZTIAT22314;Raiffeisenbank Seefeld-Leutasch-Reith-Scharnitz registrierte Genossenschaft mit beschränkter Haftung
AT;36315;RZTIAT22315;Raiffeisenbank Serfaus-Fiss-Ried-Nauders eGen
AT;36316;RZTIAT22268;Raiffeisenbank im Ötztal und Umgebung eGen
AT;36318;RZTIAT22245;Raiffeisenbank Wilder Kaiser - Brixental West eGen
AT;36320;RZTIAT22320;Raiffeisenkasse Schlitters, Bruck und Strass registrierte Genossenschaft mit beschränkter Haftung
AT;36322;RZTIAT22322;Raiffeisen Regionalbank Schwaz-Wattens eGen
AT;36324;RZTIAT22324;Raiffeisenbank Sölden eGen
AT;36329;RZTIAT22329;Raiffeisenbank Wipptal - Stubaital Mitte eGen
AT;36332;RZTIAT22332;Raiffeisenkasse Stumm, Stummerberg und Umgebung registrierte Genossenschaft mit beschränkter Haftung
AT;36333;RZTIAT22333;Raiffeisenbank Tannheimertal eGen
AT;36336;RZTIAT22336;Raiffeisenbank Tirol Mitte West eGen
AT;36337;RZTIAT22200;Raiffeisenbank Absam-Thaur-Volders eGen
AT;36339;RZTIAT22339;Raiffeisenbank Langkampfen-Thiersee eGen
AT;36342;RZTIAT22342;Raiffeisenbank Tux eGen
AT;36345;RBRTAT22XXX;Raiffeisenbank Oberland-Reutte eGen
AT;36347;RZTIAT22200;Raiffeisenbank Absam-Thaur-Volders eGen
AT;36349;RZTIAT22349;RaiffeisenBank St. Ulrich - Waidring eGen
AT;36351;RZTIAT22322;Raiffeisen Regionalbank Schwaz-Wattens eGen
AT;36352;RZTIAT22218;Raiffeisen Regionalbank Achensee eGen
AT;36353;RZTIAT22353;Raiffeisenbank Pitztal eGen
AT;36354;RZTIAT22245;Raiffeisenbank Wilder Kaiser - Brixental West eGen
AT;36357;RZTIAT22357;Raiffeisenbank Wildschönau eGen
AT;36358;RZTIAT22358;Raiffeisen Bezirksbank Kufstein eGen
AT;36359;RBRTAT22XXX;Raiffeisenbank Oberland-Reutte eGen
AT;36360;RZTIAT22229;Raiffeisen Regionalbank Fügen-Kaltenbach-Zell eGen
AT;36362;RZTIAT22362;Raiffeisen Regionalbank Hall in Tirol eGen
AT;36367;RZTIAT22378;Raiffeisen Regionalbank Matrei i.O. eGen
AT;36368;RZTIAT22368;Raiffeisenbank Sillian - Lienzer Talboden eGen
AT;36373;RZTIAT22368;Raiffeisenbank Sillian - Lienzer Talboden eGen
AT;36374;RZTIAT22368;Raiffeisenbank Sillian - Lienzer Talboden eGen
AT;36378;RZTIAT22378;Raiffeisen Regionalbank Matrei i.O. eGen
AT;36386;RZTIAT22386;Raiffeisenkasse Villgratental eGen
AT;36387;RZTIAT22368;Raiffeisenbank Sillian - Lienzer Talboden eGen
AT;36791;ALPEAT22XXX;Alpen Privatbank Aktiengesellschaft
AT;36990;RBRTAT22XXX;Raiffeisenbank Oberland-Reutte eGen
AT;37000;RVVGAT2BXXX;Raiffeisen Landesbank Vorarlberg mit Revisionsverband eGen
AT;37401;RVVGAT2B401;Raiffeisenbank Alberschwende eGen
AT;37402;RVVGAT2B422;Raiffeisenbank Montfort eGen
AT;37405;RVVGAT2B423;Raiffeisenbank Mittel- und Hinterbregenzerwald eGen
AT;37406;RVVGAT2B406;Raiffeisenbank Bezau-Mellau-Bizau eGen
AT;37410;RVVGAT2B468;Raiffeisenbank Bludenz-Montafon eGen
AT;37420;RVVGAT2B420;Raiffeisenbank Im Rheintal eGen
AT;37422;RVVGAT2B422;Raiffeisenbank Montfort eGen
AT;37423;RVVGAT2B423;Raiffeisenbank Mittel- und Hinterbregenzerwald eGen
AT;37424;RVVGAT2B458;RAIFFEISENBANK im Walgau eGen
AT;37429;RVVGAT2B422;Raiffeisenbank Montfort eGen
AT;37431;RVVGAT2B431;Raiffeisenbank Bodensee-Leiblachtal eGen
AT;37434;RANJAT2BXXX;Walser Raiffeisen Bank Aktiengesellschaft
AT;37435;RVVGAT2B435;Raiffeisenbank Vorderbregenzerwald eGen
AT;37438;RANMAT21XXX;RAIFFEISENBANK HOHENEMS eGen
AT;37439;RVVGAT2B431;Raiffeisenbank Bodensee-Leiblachtal eGen
AT;37445;RVVGAT2B474;Raiffeisenbank Weissachtal eGen
AT;37449;RVVGAT2B449;Raiffeisenbank Lech am Arlberg eGen
AT;37453;RVVGAT2B420;Raiffeisenbank Im Rheintal eGen
AT;37458;RVVGAT2B458;RAIFFEISENBANK im Walgau eGen
AT;37461;RVVGAT2B422;Raiffeisenbank Montfort eGen
AT;37468;RVVGAT2B468;Raiffeisenbank Bludenz-Montafon eGen
AT;37474;RVVGAT2B474;Raiffeisenbank Weissachtal eGen
AT;37475;RVVGAT2B475;Raiffeisenbank Vorderland eGen
AT;37482;RVVGAT2B482;Raiffeisenbank am Hofsteig eGen
AT;38000;RZSTAT2GXXX;Raiffeisen-Landesbank Steiermark AG
AT;38001;RZSTAT2G215;Raiffeisenbank Region Liezen eGen
AT;38010;RZSTAT2G187;Raiffeisenbank Weiz-Anger eGen
AT;38023;RZSTAT2G023;Raiffeisenbank Oststeiermark Nord eGen
AT;38026;RZSTAT2G282;Raiffeisenbank Passail eGen
AT;38041;RZSTAT2G023;Raiffeisenbank Oststeiermark Nord eGen
AT;38043;RZSTAT2G487;Raiffeisenbank Weststeiermark eGen
AT;38053;RZSTAT2G487;Raiffeisenbank Weststeiermark eGen
AT;38055;RZSTAT2G252;Raiffeisenbank Nestelbach-Eggersdorf eGen
AT;38056;RZSTAT2G056;Raiffeisenbank Süd-Weststeiermark eGen
AT;38071;RZSTAT2G071;Raiffeisenbank Region Fehring eGen
AT;38072;RZSTAT2G210;Raiffeisenbank Kalsdorf-Lieboch-Stainz eGen
AT;38075;RZSTAT2G075;Raiffeisenbank Mittlere Südoststeiermark eGen
AT;38076;RZSTAT2G346;Raiffeisenbank Aichfeld eGen
AT;38077;RZSTAT2G077;Raiffeisenbank Region Fürstenfeld eGen
AT;38094;RZSTAT2G094;Raiffeisenbank Gamlitz eGen
AT;38102;RZSTAT2G102;Raiffeisenbank Gleinstätten-Leutschach-Wildon eGen
AT;38103;RZSTAT2G103;Raiffeisenbank Region Gleisdorf-Pischelsdorf eGen
AT;38104;RZSTAT2G497;Raiffeisenbank Region Feldbach eGen
AT;38108;RZSTAT2G023;Raiffeisenbank Oststeiermark Nord eGen
AT;38111;RZSTAT2G111;Raiffeisenbank Gratkorn eGen
AT;38112;RZSTAT2G138;Raiffeisenbank Gratwein-Hitzendorf eGen
AT;38113;RZSTAT2G113;Raiffeisenbank Schladming-Gröbming eGen
AT;38118;RZSTAT2G102;Raiffeisenbank Gleinstätten-Leutschach-Wildon eGen
AT;38120;RZSTAT2G151;Raiffeisenbank Ilz-Großsteinbach-Riegersburg eGen
AT;38122;RZSTAT2G077;Raiffeisenbank Region Fürstenfeld eGen
AT;38128;RZSTAT2G312;Raiffeisenbank Region Radkersburg eGen
AT;38129;RZSTAT2G129;Raiffeisenbank Mariazellerland eGen
AT;38131;RZSTAT2G497;Raiffeisenbank Region Feldbach eGen
AT;38132;RZSTAT2G071;Raiffeisenbank Region Fehring eGen
AT;38133;RZSTAT2G133;Raiffeisenbank Hausmannstätten eGen
AT;38138;RZSTAT2G138;Raiffeisenbank Gratwein-Hitzendorf eGen
AT;38151;RZSTAT2G151;Raiffeisenbank Ilz-Großsteinbach-Riegersburg eGen
AT;38170;RZSTAT2G170;Raiffeisenbank Heiligenkreuz-Kirchbach -St. Georgen eGen
AT;38171;RZSTAT2G075;Raiffeisenbank Mittlere Südoststeiermark eGen
AT;38186;RZSTAT2G186;Raiffeisenbank Mürztal eGen
AT;38187;RZSTAT2G187;Raiffeisenbank Weiz-Anger eGen
AT;38206;RZSTAT2G206;Raiffeisenbank Leibnitz eGen
AT;38210;RZSTAT2G210;Raiffeisenbank Kalsdorf-Lieboch-Stainz eGen
AT;38211;RZSTAT2G487;Raiffeisenbank Weststeiermark eGen
AT;38215;RZSTAT2G215;Raiffeisenbank Region Liezen eGen
AT;38223;RZSTAT2G377;Raiffeisenbank Region Graz Nord eGen
AT;38227;RZSTAT2G227;Raiffeisenbank Liesingtal-St. Stefan eGen
AT;38235;RZSTAT2G487;Raiffeisenbank Weststeiermark eGen
AT;38238;RZSTAT2G402;Raiffeisenbank Murau eGen
AT;38240;RZSTAT2G186;Raiffeisenbank Mürztal eGen
AT;38249;RZSTAT2G249;Raiffeisenbank Steirisches Salzkammergut-Öblarn eGen
AT;38252;RZSTAT2G252;Raiffeisenbank Nestelbach-Eggersdorf eGen
AT;38261;RZSTAT2G368;Raiffeisenbank Zirbenland eGen
AT;38262;RZSTAT2G102;Raiffeisenbank Gleinstätten-Leutschach-Wildon eGen
AT;38266;RZSTAT2G249;Raiffeisenbank Steirisches Salzkammergut-Öblarn eGen
AT;38282;RZSTAT2G282;Raiffeisenbank Passail eGen
AT;38285;RZSTAT2G103;Raiffeisenbank Region Gleisdorf-Pischelsdorf eGen
AT;38292;RZSTAT2G102;Raiffeisenbank Gleinstätten-Leutschach-Wildon eGen
AT;38311;RZSTAT2G023;Raiffeisenbank Oststeiermark Nord eGen
AT;38312;RZSTAT2G312;Raiffeisenbank Region Radkersburg eGen
AT;38326;RZSTAT2G151;Raiffeisenbank Ilz-Großsteinbach-Riegersburg eGen
AT;38333;RZSTAT2G138;Raiffeisenbank Gratwein-Hitzendorf eGen
AT;38335;RZSTAT2G170;Raiffeisenbank Heiligenkreuz-Kirchbach -St. Georgen eGen
AT;38346;RZSTAT2G346;Raiffeisenbank Aichfeld eGen
AT;38347;RZSTAT2G347;Raiffeisenbank Turnau-St. Lorenzen eGen
AT;38348;RZSTAT2G215;Raiffeisenbank Region Liezen eGen
AT;38367;RZSTAT2G367;Raiffeisenbank Graz-St. Peter eGen
AT;38368;RZSTAT2G368;Raiffeisenbank Zirbenland eGen
AT;38370;RZSTAT2G370;Raiffeisenbank Mureck eGen
AT;38372;RZSTAT2G103;Raiffeisenbank Region Gleisdorf-Pischelsdorf eGen
AT;38373;RZSTAT2G227;Raiffeisenbank Liesingtal-St. Stefan eGen
AT;38374;RZSTAT2G075;Raiffeisenbank Mittlere Südoststeiermark eGen
AT;38375;RZSTAT2G487;Raiffeisenbank Weststeiermark eGen
AT;38377;RZSTAT2G377;Raiffeisenbank Region Graz Nord eGen
AT;38402;RZSTAT2G402;Raiffeisenbank Murau eGen
AT;38403;RZSTAT2G403;Raiffeisenbank Region Hartberg eGen
AT;38407;RZSTAT2G056;Raiffeisenbank Süd-Weststeiermark eGen
AT;38411;RZSTAT2G403;Raiffeisenbank Region Hartberg eGen
AT;38420;RZSTAT2G420;Raiffeisenbank Straß-Spielfeld eGen
AT;38433;RZSTAT2G433;Raiffeisenbank Stallhofen eGen
AT;38436;RZSTAT2G312;Raiffeisenbank Region Radkersburg eGen
AT;38439;RZSTAT2G439;Raiffeisenbank Graz-Straßgang eGen
AT;38452;RZSTAT2G402;Raiffeisenbank Murau eGen
AT;38460;RZSTAT2G460;Raiffeisenbank Leoben-Bruck eGen
AT;38462;RZSTAT2G347;Raiffeisenbank Turnau-St. Lorenzen eGen
AT;38477;RZSTAT2G210;Raiffeisenbank Kalsdorf-Lieboch-Stainz eGen
AT;38481;RZSTAT2G113;Raiffeisenbank Schladming-Gröbming eGen
AT;38487;RZSTAT2G487;Raiffeisenbank Weststeiermark eGen
AT;38497;RZSTAT2G497;Raiffeisenbank Region Feldbach eGen
AT;38499;RZSTAT2G102;Raiffeisenbank Gleinstätten-Leutschach-Wildon eGen
AT;38503;RZSTAT2G056;Raiffeisenbank Süd-Weststeiermark eGen
AT;39000;RZKTAT2KXXX;Raiffeisen Landesbank Kärnten und Revisionsverband eGen
AT;39100;VSGKAT2KXXX;Poso Bank AG
AT;39101;VSGKAT2KXXX;Poso Bank AG
AT;39102;VSGKAT2KXXX;Poso Bank AG
AT;39104;VSGKAT2KXXX;Poso Bank AG
AT;39109;VSGKAT2KXXX;Poso Bank AG
AT;39116;VSGKAT2KXXX;Poso Bank AG
AT;39117;VSGKAT2KXXX;Poso Bank AG
AT;39130;VSGKAT2KXXX;Poso Bank AG
AT;39254;RZKTAT2K475;Raiffeisenbank Mittelkärnten eG
AT;39255;RZKTAT2K475;Raiffeisenbank Mittelkärnten eG
AT;39257;RZKTAT2K496;Raiffeisenbank Region Villach eG
AT;39267;RZKTAT2K267;Raiffeisen-Bezirksbank Spittal/Drau, registrierte Genossenschaft mit beschränkter Haftung
AT;39271;RZKTAT2K546;Raiffeisenbank Völkermarkt-Bleiburg-Brückl eGen
AT;39272;RZKTAT2K546;Raiffeisenbank Völkermarkt-Bleiburg-Brückl eGen
AT;39288;RZKTAT2K288;Raiffeisenbank Eberndorf registrierte Genossenschaft mit beschränkter Haftung
AT;39292;RZKTAT2K292;Raiffeisenbank Unteres Lavanttal eGen
AT;39305;RZKTAT2K496;Raiffeisenbank Region Villach eG
AT;39320;RZKTAT2K320;Raiffeisenbank Grafenstein-Magdalensberg und Umgebung, registrierte Genossenschaft mit beschränkter Haftung
AT;39322;RZKTAT2K561;Raiffeisenbank Großglockner-Weissensee eG
AT;39340;RZKTAT2K475;Raiffeisenbank Mittelkärnten eG
AT;39355;RZKTAT2K390;Raiffeisenbank Wörthersee-Landskron-Gegendtal eG
AT;39358;RZKTAT2KXXX;Raiffeisen Landesbank Kärnten und Revisionsverband eGen
AT;39364;RZKTAT2K364;Raiffeisenbank Karnische Region eG
AT;39381;RZKTAT2K390;Raiffeisenbank Wörthersee-Landskron-Gegendtal eG
AT;39383;RZKTAT2K496;Raiffeisenbank Region Villach eG
AT;39384;RZKTAT2K475;Raiffeisenbank Mittelkärnten eG
AT;39390;RZKTAT2K390;Raiffeisenbank Wörthersee-Landskron-Gegendtal eG
AT;39400;RZKTAT2K464;Raiffeisenbank Lieser-Maltatal eG
AT;39404;RZKTAT2K442;Raiffeisenbank Drautal registrierte Genossenschaft mit beschränkter Haftung
AT;39407;RZKTAT2K475;Raiffeisenbank Mittelkärnten eG
AT;39411;RZKTAT2K411;Raiffeisenbank Moosburg-Tigring, registrierte Genossenschaft mit beschränkter Haftung
AT;39412;RZKTAT2K412;Raiffeisen Bank Lurnfeld-Mölltal eGen
AT;39431;RZKTAT2K561;Raiffeisenbank Großglockner-Weissensee eG
AT;39436;RZKTAT2K412;Raiffeisen Bank Lurnfeld-Mölltal eGen
AT;39442;RZKTAT2K442;Raiffeisenbank Drautal registrierte Genossenschaft mit beschränkter Haftung
AT;39457;RZKTAT2K457;Raiffeisenbank Nockberge eGen
AT;39461;RZKTAT2K457;Raiffeisenbank Nockberge eGen
AT;39464;RZKTAT2K464;Raiffeisenbank Lieser-Maltatal eG
AT;39465;RZKTAT2K481;Raiffeisenbank Mittleres Lavanttal eGen
AT;39475;RZKTAT2K475;Raiffeisenbank Mittelkärnten eG
AT;39479;RZKTAT2K479;Raiffeisenbank Millstättersee eG
AT;39481;RZKTAT2K481;Raiffeisenbank Mittleres Lavanttal eGen
AT;39483;RZKTAT2K496;Raiffeisenbank Region Villach eG
AT;39487;RZKTAT2K487;Raiffeisenbank Rosental, registrierte Genossenschaft mit beschränkter Haftung
AT;39491;RZKTAT2K491;Raiffeisenbank Oberes Lavanttal - St. Paul eG
AT;39496;RZKTAT2K496;Raiffeisenbank Region Villach eG
AT;39500;RZKTAT2K491;Raiffeisenbank Oberes Lavanttal - St. Paul eG
AT;39501;RZKTAT2K501;Raiffeisenbank Friesach-Metnitztal, registrierte Genossenschaft mit beschränkter Haftung
AT;39505;RZKTAT2K475;Raiffeisenbank Mittelkärnten eG
AT;39510;RZKTAT2K510;Raiffeisenbank Ossiacher See eG
AT;39511;RZKTAT2K475;Raiffeisenbank Mittelkärnten eG
AT;39543;RZKTAT2K364;Raiffeisenbank Karnische Region eG
AT;39546;RZKTAT2K546;Raiffeisenbank Völkermarkt-Bleiburg-Brückl eGen
AT;39559;RZKTAT2K559;Raiffeisenbank Wernberg, registrierte Genossenschaft mit beschränkter Haftung
AT;39561;RZKTAT2K561;Raiffeisenbank Großglockner-Weissensee eG
AT;40000;VBOEATWWXXX;VOLKSBANK WIEN AG
AT;40100;VBOEATWWXXX;VOLKSBANK WIEN AG
AT;40170;VBOEATWWNOM;Volksbank Niederösterreich AG
AT;40430;VBOEATWWXXX;VOLKSBANK WIEN AG
AT;40630;VBOEATWWNOM;Volksbank Niederösterreich AG
AT;40720;VBOEATWWSAL;Volksbank Salzburg eG
AT;40730;OVLIAT21XXX;DolomitenBank Osttirol-Westkärnten eG
AT;40850;VBOEATWWNOM;Volksbank Niederösterreich AG
AT;41050;VBOEATWWNOM;Volksbank Niederösterreich AG
AT;41210;VBOEATWWNOM;Volksbank Niederösterreich AG
AT;41600;VBOEATWWXXX;VOLKSBANK WIEN AG
AT;42110;MVOGAT22XXX;Marchfelder Bank eG
AT;42130;VBOEATWWKLA;Volksbank Kärnten eG
AT;42320;VBOEATWWGRA;Volksbank Steiermark AG
AT;42390;VBOEATWWINN;Volksbank Tirol AG
AT;42550;VBOEATWWOOE;Volksbank Oberösterreich AG
AT;42600;VBOEATWWKLA;Volksbank Kärnten eG
AT;42630;VBOEATWWOOE;Volksbank Oberösterreich AG
AT;42740;VBOEATWWSAL;Volksbank Salzburg eG
AT;42750;VBOEATWWXXX;VOLKSBANK WIEN AG
AT;42820;VBOEATWWKLA;Volksbank Kärnten eG
AT;42830;VBOEATWWOOE;Volksbank Oberösterreich AG
AT;43000;VBOEATWWXXX;VOLKSBANK WIEN AG
AT;43030;VBOEATWWGRA;Volksbank Steiermark AG
AT;43180;VBOEATWWOOE;Volksbank Oberösterreich AG
AT;43210;VBOEATWWOOE;Volksbank Oberösterreich AG
AT;43380;OVLIAT21XXX;DolomitenBank Osttirol-Westkärnten eG
AT;43510;ABVRATW1XXX;start:bausparkasse AG
AT;43530;VBOEATWWNOM;Volksbank Niederösterreich AG
AT;43600;VBOEATWWXXX;VOLKSBANK WIEN AG
AT;43610;VBOEATWWXXX;VOLKSBANK WIEN AG
AT;43690;VBOEATWWXXX;VOLKSBANK WIEN AG
AT;43770;VBOEATWWINN;Volksbank Tirol AG
AT;43830;VBOEATWWOOE;Volksbank Oberösterreich AG
AT;43920;VBOEATWWNOM;Volksbank Niederösterreich AG
AT;44020;VBOEATWWSAL;Volksbank Salzburg eG
AT;44220;BWFBATW1XXX;Österreichische Ärzte- und Apothekerbank AG
AT;44300;VBOEATWWSAL;Volksbank Salzburg eG
AT;44400;OVLIAT21XXX;DolomitenBank Osttirol-Westkärnten eG
AT;44430;VBOEATWWXXX;VOLKSBANK WIEN AG
AT;44480;VBOEATWWSAL;Volksbank Salzburg eG
AT;44570;VBOEATWWXXX;VOLKSBANK WIEN AG
AT;44770;VBOEATWWGRA;Volksbank Steiermark AG
AT;44780;VBOEATWWGRA;Volksbank Steiermark AG
AT;44790;VBOEATWWOOE;Volksbank Oberösterreich AG
AT;44800;VBOEATWWOOE;Volksbank Oberösterreich AG
AT;44810;VBOEATWWGRA;Volksbank Steiermark AG
AT;44820;VBOEATWWNOM;Volksbank Niederösterreich AG
AT;44960;WSPKATW1XXX;WSK Bank AG
AT;45010;VBOEATWWSAL;Volksbank Salzburg eG
AT;45330;VBOEATWWOOE;Volksbank Oberösterreich AG
AT;45710;VBOEATWWVBG;VOLKSBANK VORARLBERG e. Gen.
AT;45850;VBOEATWWINN;Volksbank Tirol AG
AT;46590;VBOEATWWGRA;Volksbank Steiermark AG
AT;46660;VBOEATWWXXX;VOLKSBANK WIEN AG
AT;46900;VBOEATWWKLA;Volksbank Kärnten eG
AT;47150;VBOEATWWNOM;Volksbank Niederösterreich AG
AT;48150;VBOEATWWGRA;Volksbank Steiermark AG
AT;49220;VBOEATWWXXX;VOLKSBANK WIEN AG
AT;49460;VBOEATWWXXX;VOLKSBANK WIEN AG
AT;51000;EHBBAT2EXXX;HYPO-BANK BURGENLAND Aktiengesellschaft
AT;52000;HAABAT2KXXX;Austrian Anadi Bank AG
AT;52300;HSEEAT2KXXX;Addiko Bank AG
AT;53000;HYPNATWWXXX;HYPO NOE Landesbank für Niederösterreich und Wien AG
AT;53100;HYPNATWWLDS;HYPO NOE Landesbank für Niederösterreich und Wien AG
AT;54000;OBLAAT2LXXX;Oberösterreichische Landesbank Aktiengesellschaft
AT;55000;SLHYAT2SXXX;Raiffeisenlandesbank Oberösterreich Aktiengesellschaft
AT;55500;SLHYAT2S500;Raiffeisenlandesbank Oberösterreich Aktiengesellschaft
AT;56000;RZSTAT2GXXX;Raiffeisen-Landesbank Steiermark AG
AT;57000;HYPTAT22XXX;HYPO TIROL BANK AG
AT;57100;HYPTAT22XXX;HYPO TIROL BANK AG
AT;58000;HYPVAT2BXXX;Hypo Vorarlberg Bank AG
AT;60000;BAWAATWWXXX;BAWAG P.S.K. Bank für Arbeit und Wirtschaft und Österreichische Postsparkasse Aktiengesellschaft
AT;74200;SFIVATW1XXX;SPAR-FINANZ BANK AG
AT;75910;OPBAATW2XXX;Stellantis Bank SA Niederlassung Österreich
AT;76000;PORCAT21XXX;Porsche Bank Aktiengesellschaft
AT;76022;VIAUATW1XXX;card complete Service Bank AG
AT;76032;TEAMDE71TAT;TeamBank Österreich - Niederlassung der TeamBank AG Nürnberg
AT;76040;VIAUATW1XXX;card complete Service Bank AG
AT;76520;COPRATWWXXX;Liechtensteinische Landesbank (Österreich) AG
AT;94646;BIPGATW3XXX;Bitpanda Payments GmbH
BE;000;GEBABEBB;BNP Paribas Fortis
BE;001;GEBABEBB;BNP Paribas Fortis
BE;002;GEBABEBB;BNP Paribas Fortis
BE;003;GEBABEBB;BNP Paribas Fortis
BE;004;GEBABEBB;BNP Paribas Fortis
BE;005;GEBABEBB;BNP Paribas Fortis
BE;006;GEBABEBB;BNP Paribas Fortis
BE;007;GEBABEBB;BNP Paribas Fortis
BE;008;GEBABEBB;BNP Paribas Fortis
BE;009;GEBABEBB;BNP Paribas Fortis
BE;010;GEBABEBB;BNP Paribas Fortis
BE;011;GEBABEBB;BNP Paribas Fortis
BE;012;GEBABEBB;BNP Paribas Fortis
BE;013;GEBABEBB;BNP Paribas Fortis
BE;014;GEBABEBB;BNP Paribas Fortis
BE;015;GEBABEBB;BNP Paribas Fortis
BE;016;GEBABEBB;BNP Paribas Fortis
BE;017;GEBABEBB;BNP Paribas Fortis
BE;018;GEBABEBB;BNP Paribas Fortis
BE;019;GEBABEBB;BNP Paribas Fortis
BE;020;GEBABEBB;BNP Paribas Fortis
BE;021;GEBABEBB;BNP Paribas Fortis
BE;022;GEBABEBB;BNP Paribas Fortis
BE;023;GEBABEBB;BNP Paribas Fortis
BE;024;GEBABEBB;BNP Paribas Fortis
BE;025;GEBABEBB;BNP Paribas Fortis
BE;026;GEBABEBB;BNP Paribas Fortis
BE;027;GEBABEBB;BNP Paribas Fortis
BE;028;GEBABEBB;BNP Paribas Fortis
BE;029;GEBABEBB;BNP Paribas Fortis
BE;030;GEBABEBB;BNP Paribas Fortis
BE;031;GEBABEBB;BNP Paribas Fortis
BE;032;GEBABEBB;BNP Paribas Fortis
BE;033;GEBABEBB;BNP Paribas Fortis
BE;034;GEBABEBB;BNP Paribas Fortis
BE;035;GEBABEBB;BNP Paribas Fortis
BE;036;GEBABEBB;BNP Paribas Fortis
BE;037;GEBABEBB;BNP Paribas Fortis
BE;038;GEBABEBB;BNP Paribas Fortis
BE;039;GEBABEBB;BNP Paribas Fortis
BE;040;GEBABEBB;BNP Paribas Fortis
BE;041;GEBABEBB;BNP Paribas Fortis
BE;042;GEBABEBB;BNP Paribas Fortis
BE;043;GEBABEBB;BNP Paribas Fortis
BE;044;GEBABEBB;BNP Paribas Fortis
BE;045;GEBABEBB;BNP Paribas Fortis
BE;046;GEBABEBB;BNP Paribas Fortis
BE;047;GEBABEBB;BNP Paribas Fortis
BE;048;GEBABEBB;BNP Paribas Fortis
BE;049;GEBABEBB;BNP Paribas Fortis
BE;050;GKCCBEBB;BELFIUS BANK
BE;051;GKCCBEBB;BELFIUS BANK
BE;052;GKCCBEBB;BELFIUS BANK
BE;053;GKCCBEBB;BELFIUS BANK
BE;054;GKCCBEBB;BELFIUS BANK
BE;055;GKCCBEBB;BELFIUS BANK
BE;056;GKCCBEBB;BELFIUS BANK
BE;057;GKCCBEBB;BELFIUS BANK
BE;058;GKCCBEBB;BELFIUS BANK
BE;059;GKCCBEBB;BELFIUS BANK
BE;060;GKCCBEBB;BELFIUS BANK
BE;061;GKCCBEBB;BELFIUS BANK
BE;062;GKCCBEBB;BELFIUS BANK
BE;063;GKCCBEBB;BELFIUS BANK
BE;064;GKCCBEBB;BELFIUS BANK
BE;065;GKCCBEBB;BELFIUS BANK
BE;066;GKCCBEBB;BELFIUS BANK
BE;067;GKCCBEBB;BELFIUS BANK
BE;068;GKCCBEBB;BELFIUS BANK
BE;069;GKCCBEBB;BELFIUS BANK
BE;070;GKCCBEBB;BELFIUS BANK
BE;071;GKCCBEBB;BELFIUS BANK
BE;072;GKCCBEBB;BELFIUS BANK
BE;073;GKCCBEBB;BELFIUS BANK
BE;074;GKCCBEBB;BELFIUS BANK
BE;075;GKCCBEBB;BELFIUS BANK
BE;076;GKCCBEBB;BELFIUS BANK
BE;077;GKCCBEBB;BELFIUS BANK
BE;078;GKCCBEBB;BELFIUS BANK
BE;079;GKCCBEBB;BELFIUS BANK
BE;080;GKCCBEBB;BELFIUS BANK
BE;081;GKCCBEBB;BELFIUS BANK
BE;082;GKCCBEBB;BELFIUS BANK
BE;083;GKCCBEBB;BELFIUS BANK
BE;084;GKCCBEBB;BELFIUS BANK
BE;085;GKCCBEBB;BELFIUS BANK
BE;086;GKCCBEBB;BELFIUS BANK
BE;087;GKCCBEBB;BELFIUS BANK
BE;088;GKCCBEBB;BELFIUS BANK
BE;089;GKCCBEBB;BELFIUS BANK
BE;090;GKCCBEBB;BELFIUS BANK
BE;091;GKCCBEBB;BELFIUS BANK
BE;092;GKCCBEBB;BELFIUS BANK
BE;093;GKCCBEBB;BELFIUS BANK
BE;094;GKCCBEBB;BELFIUS BANK
BE;095;GKCCBEBB;BELFIUS BANK
BE;096;GKCCBEBB;BELFIUS BANK
BE;097;GKCCBEBB;BELFIUS BANK
BE;098;GKCCBEBB;BELFIUS BANK
BE;099;GKCCBEBB;BELFIUS BANK
BE;100;NBBEBEBB203;Nationale Bank van België
BE;101;NBBEBEBBHCC;Nationale Bank van België (Hoofdkas)
BE;103;NICABEBB;Crelan
BE;104;NICABEBB;Crelan
BE;105;NICABEBB;Crelan
BE;106;NICABEBB;Crelan
BE;107;NICABEBB;Crelan
BE;108;NICABEBB;Crelan
BE;109;CTBKBEBX;Beobank
BE;110;CTBKBEBX;Beobank
BE;111;ABERBE22;Bank J. Van Breda &amp; C°
BE;113;CTBKBEBX;Beobank
BE;114;CTBKBEBX;Beobank
BE;115;PAUIBE22;HR Pay Solutions
BE;116;ATMNBE32XXX;Atlantic Money NV/SA
BE;119;CTBKBEBX;Beobank
BE;120;CTBKBEBX;Beobank
BE;121;CTBKBEBX;Beobank
BE;122;CTBKBEBX;Beobank
BE;123;CTBKBEBX;Beobank
BE;124;CTBKBEBX;Beobank
BE;125;CPHBBE75;Banque CPH
BE;126;CPHBBE75;Banque CPH
BE;127;CTBKBEBX;Beobank
BE;128;MPSNBE92;Mobile Payment Solutions nv
BE;129;CTBKBEBX;Beobank
BE;130;DIGEBEB2;Digiteal SA
BE;131;CTBKBEBX;Beobank
BE;132;BNAGBEBB;Bank Nagelmackers
BE;133;CTBKBEBX;Beobank
BE;134;CTBKBEBX;Beobank
BE;137;GEBABEBB;BNP Paribas Fortis
BE;140;GEBABEBB;BNP Paribas Fortis
BE;141;GEBABEBB;BNP Paribas Fortis
BE;142;GEBABEBB;BNP Paribas Fortis
BE;143;GEBABEBB;BNP Paribas Fortis
BE;144;GEBABEBB;BNP Paribas Fortis
BE;145;GEBABEBB;BNP Paribas Fortis
BE;146;GEBABEBB;BNP Paribas Fortis
BE;147;GEBABEBB;BNP Paribas Fortis
BE;148;GEBABEBB;BNP Paribas Fortis
BE;149;GEBABEBB;BNP Paribas Fortis
BE;150;BCMCBEBB;Bancontact Payconiq Company
BE;167;BUNQBEB2XXX;BUNQ, Belgian Branch
BE;171;CPHBBE75;
BE;176;BSCHBEBBRET;Santander Consumer Finance – Succursale en Belgique/Bijkantoor in België
BE;185;BBRUBEBB;ING België
BE;189;SMBCBEBB;Sumitomo Mitsui Banking Corporation (SMBC)
BE;190;CREGBEBB;
BE;191;CREGBEBB;
BE;192;CREGBEBB;
BE;193;CREGBEBB;
BE;194;CREGBEBB;
BE;195;CREGBEBB;
BE;196;CREGBEBB;
BE;197;CREGBEBB;
BE;198;CREGBEBB;
BE;199;CREGBEBB;
BE;200;GEBABEBB;BNP Paribas Fortis
BE;201;GEBABEBB;BNP Paribas Fortis
BE;202;GEBABEBB;BNP Paribas Fortis
BE;203;GEBABEBB;BNP Paribas Fortis
BE;204;GEBABEBB;BNP Paribas Fortis
BE;205;GEBABEBB;BNP Paribas Fortis
BE;206;GEBABEBB;BNP Paribas Fortis
BE;207;GEBABEBB;BNP Paribas Fortis
BE;208;GEBABEBB;BNP Paribas Fortis
BE;209;GEBABEBB;BNP Paribas Fortis
BE;210;GEBABEBB;BNP Paribas Fortis
BE;211;GEBABEBB;BNP Paribas Fortis
BE;212;GEBABEBB;BNP Paribas Fortis
BE;213;GEBABEBB;BNP Paribas Fortis
BE;214;GEBABEBB;BNP Paribas Fortis
BE;220;GEBABEBB;BNP Paribas Fortis
BE;221;GEBABEBB;BNP Paribas Fortis
BE;222;GEBABEBB;BNP Paribas Fortis
BE;223;GEBABEBB;BNP Paribas Fortis
BE;224;GEBABEBB;BNP Paribas Fortis
BE;225;GEBABEBB;BNP Paribas Fortis
BE;226;GEBABEBB;BNP Paribas Fortis
BE;227;GEBABEBB;BNP Paribas Fortis
BE;228;GEBABEBB;BNP Paribas Fortis
BE;229;GEBABEBB;BNP Paribas Fortis
BE;230;GEBABEBB;BNP Paribas Fortis
BE;231;GEBABEBB;BNP Paribas Fortis
BE;232;GEBABEBB;BNP Paribas Fortis
BE;233;GEBABEBB;BNP Paribas Fortis
BE;234;GEBABEBB;BNP Paribas Fortis
BE;235;GEBABEBB;BNP Paribas Fortis
BE;236;GEBABEBB;BNP Paribas Fortis
BE;237;GEBABEBB;BNP Paribas Fortis
BE;238;GEBABEBB;BNP Paribas Fortis
BE;239;GEBABEBB;BNP Paribas Fortis
BE;240;GEBABEBB;BNP Paribas Fortis
BE;241;GEBABEBB;BNP Paribas Fortis
BE;242;GEBABEBB;BNP Paribas Fortis
BE;243;GEBABEBB;BNP Paribas Fortis
BE;244;GEBABEBB;BNP Paribas Fortis
BE;245;GEBABEBB;BNP Paribas Fortis
BE;246;GEBABEBB;BNP Paribas Fortis
BE;247;GEBABEBB;BNP Paribas Fortis
BE;248;GEBABEBB;BNP Paribas Fortis
BE;249;GEBABEBB;BNP Paribas Fortis
BE;250;GEBABEBB;BNP Paribas Fortis
BE;251;GEBABEBB;BNP Paribas Fortis
BE;252;GEBABEBB;BNP Paribas Fortis
BE;253;GEBABEBB;BNP Paribas Fortis
BE;254;GEBABEBB;BNP Paribas Fortis
BE;255;GEBABEBB;BNP Paribas Fortis
BE;256;GEBABEBB;BNP Paribas Fortis
BE;257;GEBABEBB;BNP Paribas Fortis
BE;258;GEBABEBB;BNP Paribas Fortis
BE;259;GEBABEBB;BNP Paribas Fortis
BE;260;GEBABEBB;BNP Paribas Fortis
BE;261;GEBABEBB;BNP Paribas Fortis
BE;262;GEBABEBB;BNP Paribas Fortis
BE;263;GEBABEBB;BNP Paribas Fortis
BE;264;GEBABEBB;BNP Paribas Fortis
BE;265;GEBABEBB;BNP Paribas Fortis
BE;266;GEBABEBB;BNP Paribas Fortis
BE;267;GEBABEBB;BNP Paribas Fortis
BE;268;GEBABEBB;BNP Paribas Fortis
BE;269;GEBABEBB;BNP Paribas Fortis
BE;270;GEBABEBB;BNP Paribas Fortis
BE;271;GEBABEBB;BNP Paribas Fortis
BE;272;GEBABEBB;BNP Paribas Fortis
BE;273;GEBABEBB;BNP Paribas Fortis
BE;274;GEBABEBB;BNP Paribas Fortis
BE;275;GEBABEBB;BNP Paribas Fortis
BE;276;GEBABEBB;BNP Paribas Fortis
BE;277;GEBABEBB;BNP Paribas Fortis
BE;278;GEBABEBB;BNP Paribas Fortis
BE;279;GEBABEBB;BNP Paribas Fortis
BE;280;GEBABEBB;BNP Paribas Fortis
BE;281;GEBABEBB;BNP Paribas Fortis
BE;282;GEBABEBB;BNP Paribas Fortis
BE;283;GEBABEBB;BNP Paribas Fortis
BE;284;GEBABEBB;BNP Paribas Fortis
BE;285;GEBABEBB;BNP Paribas Fortis
BE;286;GEBABEBB;BNP Paribas Fortis
BE;287;GEBABEBB;BNP Paribas Fortis
BE;288;GEBABEBB;BNP Paribas Fortis
BE;289;GEBABEBB;BNP Paribas Fortis
BE;290;GEBABEBB;BNP Paribas Fortis
BE;291;GEBABEBB;BNP Paribas Fortis
BE;292;GEBABEBB;BNP Paribas Fortis
BE;293;GEBABEBB;BNP Paribas Fortis
BE;294;GEBABEBB;BNP Paribas Fortis
BE;295;GEBABEBB;BNP Paribas Fortis
BE;296;GEBABEBB;BNP Paribas Fortis
BE;297;GEBABEBB;BNP Paribas Fortis
BE;298;GEBABEBB;BNP Paribas Fortis
BE;299;GEBABEBB;BNP Paribas Fortis
BE;300;BBRUBEBB;ING België
BE;301;BBRUBEBB;ING België
BE;302;BBRUBEBB;ING België
BE;303;BBRUBEBB;ING België
BE;304;BBRUBEBB;ING België
BE;305;BBRUBEBB;ING België
BE;306;BBRUBEBB;ING België
BE;307;BBRUBEBB;ING België
BE;308;BBRUBEBB;ING België
BE;309;BBRUBEBB;ING België
BE;310;BBRUBEBB;ING België
BE;311;BBRUBEBB;ING België
BE;312;BBRUBEBB;ING België
BE;313;BBRUBEBB;ING België
BE;314;BBRUBEBB;ING België
BE;315;BBRUBEBB;ING België
BE;316;BBRUBEBB;ING België
BE;317;BBRUBEBB;ING België
BE;318;BBRUBEBB;ING België
BE;319;BBRUBEBB;ING België
BE;320;BBRUBEBB;ING België
BE;321;BBRUBEBB;ING België
BE;322;BBRUBEBB;ING België
BE;323;BBRUBEBB;ING België
BE;324;BBRUBEBB;ING België
BE;325;BBRUBEBB;ING België
BE;326;BBRUBEBB;ING België
BE;327;BBRUBEBB;ING België
BE;328;BBRUBEBB;ING België
BE;329;BBRUBEBB;ING België
BE;330;BBRUBEBB;ING België
BE;331;BBRUBEBB;ING België
BE;332;BBRUBEBB;ING België
BE;333;BBRUBEBB;ING België
BE;334;BBRUBEBB;ING België
BE;335;BBRUBEBB;ING België
BE;336;BBRUBEBB;ING België
BE;337;BBRUBEBB;ING België
BE;338;BBRUBEBB;ING België
BE;339;BBRUBEBB;ING België
BE;340;BBRUBEBB;ING België
BE;341;BBRUBEBB;ING België
BE;342;BBRUBEBB;ING België
BE;343;BBRUBEBB;ING België
BE;344;BBRUBEBB;ING België
BE;345;BBRUBEBB;ING België
BE;346;BBRUBEBB;ING België
BE;347;BBRUBEBB;ING België
BE;348;BBRUBEBB;ING België
BE;349;BBRUBEBB;ING België
BE;350;BBRUBEBB;ING België
BE;351;BBRUBEBB;ING België
BE;352;BBRUBEBB;ING België
BE;353;BBRUBEBB;ING België
BE;354;BBRUBEBB;ING België
BE;355;BBRUBEBB;ING België
BE;356;BBRUBEBB;ING België
BE;357;BBRUBEBB;ING België
BE;358;BBRUBEBB;ING België
BE;359;BBRUBEBB;ING België
BE;360;BBRUBEBB;ING België
BE;361;BBRUBEBB;ING België
BE;362;BBRUBEBB;ING België
BE;363;BBRUBEBB;ING België
BE;364;BBRUBEBB;ING België
BE;365;BBRUBEBB;ING België
BE;366;BBRUBEBB;ING België
BE;367;BBRUBEBB;ING België
BE;368;BBRUBEBB;ING België
BE;369;BBRUBEBB;ING België
BE;370;BBRUBEBB;ING België
BE;371;BBRUBEBB;ING België
BE;372;BBRUBEBB;ING België
BE;373;BBRUBEBB;ING België
BE;374;BBRUBEBB;ING België
BE;375;BBRUBEBB;ING België
BE;376;BBRUBEBB;ING België
BE;377;BBRUBEBB;ING België
BE;378;BBRUBEBB;ING België
BE;379;BBRUBEBB;ING België
BE;380;BBRUBEBB;ING België
BE;381;BBRUBEBB;ING België
BE;382;BBRUBEBB;ING België
BE;383;BBRUBEBB;ING België
BE;384;BBRUBEBB;ING België
BE;385;BBRUBEBB;ING België
BE;386;BBRUBEBB;ING België
BE;387;BBRUBEBB;ING België
BE;388;BBRUBEBB;ING België
BE;389;BBRUBEBB;ING België
BE;390;BBRUBEBB;ING België
BE;391;BBRUBEBB;ING België
BE;392;BBRUBEBB;ING België
BE;393;BBRUBEBB;ING België
BE;394;BBRUBEBB;ING België
BE;395;BBRUBEBB;ING België
BE;396;BBRUBEBB;ING België
BE;397;BBRUBEBB;ING België
BE;398;BBRUBEBB;ING België
BE;399;BBRUBEBB;ING België
BE;400;KREDBEBB;KBC Bank
BE;401;KREDBEBB;KBC Bank
BE;402;KREDBEBB;KBC Bank
BE;403;KREDBEBB;KBC Bank
BE;404;KREDBEBB;KBC Bank
BE;405;KREDBEBB;KBC Bank
BE;406;KREDBEBB;KBC Bank
BE;407;KREDBEBB;KBC Bank
BE;408;KREDBEBB;KBC Bank
BE;409;KREDBEBB;KBC Bank
BE;410;KREDBEBB;KBC Bank
BE;411;KREDBEBB;KBC Bank
BE;412;KREDBEBB;KBC Bank
BE;413;KREDBEBB;KBC Bank
BE;414;KREDBEBB;KBC Bank
BE;415;KREDBEBB;KBC Bank
BE;416;KREDBEBB;KBC Bank
BE;417;KREDBEBB;KBC Bank
BE;418;KREDBEBB;KBC Bank
BE;419;KREDBEBB;KBC Bank
BE;420;KREDBEBB;KBC Bank
BE;421;KREDBEBB;KBC Bank
BE;422;KREDBEBB;KBC Bank
BE;423;KREDBEBB;KBC Bank
BE;424;KREDBEBB;KBC Bank
BE;425;KREDBEBB;KBC Bank
BE;426;KREDBEBB;KBC Bank
BE;427;KREDBEBB;KBC Bank
BE;428;KREDBEBB;KBC Bank
BE;429;KREDBEBB;KBC Bank
BE;430;KREDBEBB;KBC Bank
BE;431;KREDBEBB;KBC Bank
BE;432;KREDBEBB;KBC Bank
BE;433;KREDBEBB;KBC Bank
BE;434;KREDBEBB;KBC Bank
BE;435;KREDBEBB;KBC Bank
BE;436;KREDBEBB;KBC Bank
BE;437;KREDBEBB;KBC Bank
BE;438;KREDBEBB;KBC Bank
BE;439;KREDBEBB;KBC Bank
BE;440;KREDBEBB;KBC Bank
BE;441;KREDBEBB;KBC Bank
BE;442;KREDBEBB;KBC Bank
BE;443;KREDBEBB;KBC Bank
BE;444;KREDBEBB;KBC Bank
BE;445;KREDBEBB;KBC Bank
BE;446;KREDBEBB;KBC Bank
BE;447;KREDBEBB;KBC Bank
BE;448;KREDBEBB;KBC Bank
BE;449;KREDBEBB;KBC Bank
BE;450;KREDBEBB;KBC Bank
BE;451;KREDBEBB;KBC Bank
BE;452;KREDBEBB;KBC Bank
BE;453;KREDBEBB;KBC Bank
BE;454;KREDBEBB;KBC Bank
BE;455;KREDBEBB;KBC Bank
BE;456;KREDBEBB;KBC Bank
BE;457;KREDBEBB;KBC Bank
BE;458;KREDBEBB;KBC Bank
BE;459;KREDBEBB;KBC Bank
BE;460;KREDBEBB;KBC Bank
BE;461;KREDBEBB;KBC Bank
BE;462;KREDBEBB;KBC Bank
BE;463;KREDBEBB;KBC Bank
BE;464;KREDBEBB;KBC Bank
BE;465;KREDBEBB;KBC Bank
BE;466;KREDBEBB;KBC Bank
BE;467;KREDBEBB;KBC Bank
BE;468;KREDBEBB;KBC Bank
BE;469;KREDBEBB;KBC Bank
BE;470;KREDBEBB;KBC Bank
BE;471;KREDBEBB;KBC Bank
BE;472;KREDBEBB;KBC Bank
BE;473;KREDBEBB;KBC Bank
BE;474;KREDBEBB;KBC Bank
BE;475;KREDBEBB;KBC Bank
BE;476;KREDBEBB;KBC Bank
BE;477;KREDBEBB;KBC Bank
BE;478;KREDBEBB;KBC Bank
BE;479;KREDBEBB;KBC Bank
BE;480;KREDBEBB;KBC Bank
BE;481;KREDBEBB;KBC Bank
BE;482;KREDBEBB;KBC Bank
BE;483;KREDBEBB;KBC Bank
BE;484;KREDBEBB;KBC Bank
BE;485;KREDBEBB;KBC Bank
BE;486;KREDBEBB;KBC Bank
BE;487;KREDBEBB;KBC Bank
BE;488;KREDBEBB;KBC Bank
BE;489;KREDBEBB;KBC Bank
BE;490;KREDBEBB;KBC Bank
BE;491;KREDBEBB;KBC Bank
BE;492;KREDBEBB;KBC Bank
BE;493;KREDBEBB;KBC Bank
BE;494;KREDBEBB;KBC Bank
BE;495;KREDBEBB;KBC Bank
BE;496;KREDBEBB;KBC Bank
BE;497;KREDBEBB;KBC Bank
BE;498;KREDBEBB;KBC Bank
BE;499;KREDBEBB;KBC Bank
BE;501;DHBNBEBB;Demir-Halk Bank (Nederland) (DHB)
BE;504;PANXBEB1;Unifiedpost Payments
BE;507;DIERBE21;Dierickx, Leys &amp; Cie Effectenbank
BE;508;PARBBEBZMDC;BNP Paribas SA, Belgium Branch – Securities Services business
BE;509;ABNABE2AIPC;ABN AMRO Bank N.V.
BE;510;VAPEBE22;VAN DE PUT &amp; CO Privaatbankiers
BE;512;DNIBBE21;NIBC BANK
BE;513;ABNABE2AIPC;ABN AMRO Bank N.V.
BE;514;PUILBEBB;Puilaetco Branch of Quintet Private Bank SA
BE;515;IRVTBEBB;The Bank of New York Mellon NV/SA
BE;521;FVLBBE22;F. van Lanschot Bankiers
BE;522;UTWBBEBB;United Taiwan Bank
BE;523;TRIOBEBB;Triodos Bank
BE;524;WAFABEBB;Attijariwafa bank Europe
BE;525;FVLBBE22;F. van Lanschot Bankiers
BE;541;BKIDBE22;BANK OF INDIA
BE;546;WAFABEBB;Attijariwafa bank Europe
BE;548;LOCYBEBB;Lombard Odier (Europe)
BE;549;CHASBEBX;J.P. Morgan SE -Brussels Branch
BE;550;GKCCBEBB;BELFIUS BANK
BE;551;GKCCBEBB;BELFIUS BANK
BE;552;GKCCBEBB;BELFIUS BANK
BE;553;GKCCBEBB;BELFIUS BANK
BE;554;GKCCBEBB;BELFIUS BANK
BE;555;GKCCBEBB;BELFIUS BANK
BE;556;GKCCBEBB;BELFIUS BANK
BE;557;GKCCBEBB;BELFIUS BANK
BE;558;GKCCBEBB;BELFIUS BANK
BE;559;GKCCBEBB;BELFIUS BANK
BE;560;GKCCBEBB;BELFIUS BANK
BE;562;GKCCBEBB;BELFIUS BANK
BE;563;GKCCBEBB;BELFIUS BANK
BE;564;GKCCBEBB;BELFIUS BANK
BE;565;GKCCBEBB;BELFIUS BANK
BE;566;GKCCBEBB;BELFIUS BANK
BE;567;GKCCBEBB;BELFIUS BANK
BE;568;GKCCBEBB;BELFIUS BANK
BE;569;GKCCBEBB;BELFIUS BANK
BE;570;CITIBEBX;Citibank Europe Plc - Belgium Branch
BE;571;CITIBEBX;Citibank Europe Plc - Belgium Branch
BE;572;CITIBEBX;Citibank Europe Plc - Belgium Branch
BE;573;CITIBEBX;Citibank Europe Plc - Belgium Branch
BE;574;CITIBEBX;Citibank Europe Plc - Belgium Branch
BE;575;CITIBEBX;Citibank Europe Plc - Belgium Branch
BE;576;CITIBEBX;Citibank Europe Plc - Belgium Branch
BE;577;CITIBEBX;Citibank Europe Plc - Belgium Branch
BE;578;CITIBEBX;Citibank Europe Plc - Belgium Branch
BE;579;CITIBEBX;Citibank Europe Plc - Belgium Branch
BE;581;MHCBBEBB;Mizuho Bank Europe N.V. Brussels Branch
BE;583;DEGRBEBB;Banque Degroof Petercam Luxembourg
BE;585;RCBPBEBB;
BE;586;CFFRBEB1;
BE;587;BIBLBE21;BinckBank
BE;588;CMCIBEB1BTB;Banque Transatlantique Belgium
BE;590;BSCHBEBB;Santander Consumer Finance – Succursale en Belgique/Bijkantoor in België
BE;591;BSCHBEBB;Santander Consumer Finance – Succursale en Belgique/Bijkantoor in België
BE;592;BSCHBEBB;Santander Consumer Finance – Succursale en Belgique/Bijkantoor in België
BE;593;BSCHBEBB;Santander Consumer Finance – Succursale en Belgique/Bijkantoor in België
BE;594;BSCHBEBB;Santander Consumer Finance – Succursale en Belgique/Bijkantoor in België
BE;595;CTBKBEBX;Beobank
BE;596;CTBKBEBX;Beobank
BE;597;CTBKBEBX;Beobank
BE;598;CTBKBEBX;Beobank
BE;599;CTBKBEBX;Beobank
BE;600;CTBKBEBX;Beobank
BE;601;CTBKBEBX;Beobank
BE;603;SWNBBEB2;SWAN SAS
BE;604;SWNBBEB2;SWAN SAS
BE;605;BKCHBEBB;Bank of China (Europe) SA Brussels Branch
BE;606;DLLUBE22;Delen Private Bank Luxembourg – Belgian Branch
BE;607;ICBKBEBB;Industrial and Commercial Bank of China (Europe)
BE;610;DEUTBEBE;Deutsche Bank AG
BE;611;DEUTBEBE;Deutsche Bank AG
BE;612;DEUTBEBE;Deutsche Bank AG
BE;613;DEUTBEBE;Deutsche Bank AG
BE;624;GKCCBEBB;BELFIUS BANK
BE;625;GKCCBEBB;BELFIUS BANK
BE;630;BBRUBEBB;ING België
BE;631;BBRUBEBB;ING België
BE;634;BNAGBEBB;Bank Nagelmackers
BE;635;BNAGBEBB;Bank Nagelmackers
BE;636;BNAGBEBB;Bank Nagelmackers
BE;638;GKCCBEBB;BELFIUS BANK
BE;640;KREDBEBB;KBC Bank
BE;642;BBVABEBB;Banco Bilbao Vizcaya Argentaria
BE;643;BMPBBEBB;UniCredit SA/NV
BE;645;JVBABE22;Bank J. Van Breda &amp; C°
BE;646;BNAGBEBB;Bank Nagelmackers
BE;647;BNAGBEBB;Bank Nagelmackers
BE;648;BMPBBEBBVOD;UniCredit SA/NV
BE;649;CEPABEB2;
BE;650;REVOBEB2XXX;Revolut Bank UAB Belgian branch
BE;651;KEYTBEBB;Arkéa Direct Bank (nom commercial / commerciële naam: Keytrade Bank)
BE;652;BBRUBEBB;ING België
BE;653;BARCBEBB;Barclays Bank Ireland Plc Brussels Branch
BE;657;GKCCBEBB;BELFIUS BANK
BE;658;HABBBEBB;Habib Bank
BE;663;BMEUBEB1;BMCE Euro Services
BE;664;BCDMBEBB;Banque Chaabi du Maroc
BE;667;CMCIBEB1CIC;Crédit Industriel et Commercial - Succursale de Bruxelles
BE;668;SBINBE2X;State Bank of India
BE;671;EURBBE99;Europabank
BE;672;GKCCBEBB;BELFIUS BANK
BE;673;BBRUBEBB;ING België
BE;674;ABNABE2AIDJ;ABN AMRO Bank N.V.
BE;675;BYBBBEBB;Byblos Bank Europe
BE;676;DEGRBEBB;Bank Degroof Petercam
BE;677;CBPXBE99;Intesa Sanpaolo Wealth Management
BE;678;DELEBE22;Delen Private Bank
BE;679;GEBABEBB;BNP Paribas Fortis
BE;680;GKCCBEBB;BELFIUS BANK
BE;682;GKCCBEBB;BELFIUS BANK
BE;683;GKCCBEBB;BELFIUS BANK
BE;684;SGABBEB2;Société Générale
BE;685;BOFABE3X;Bank of America Europe DAC - Brussels Branch
BE;686;BOFABE3X;Bank of America Europe DAC - Brussels Branch
BE;687;MGTCBEBE;Euroclear Bank
BE;688;SGABBEB2;Société Générale
BE;689;BOFABE3X;Bank of America Europe DAC - Brussels Branch
BE;693;BOTKBEBX;MUFG Bank (Europe)
BE;694;DEUTBEBE;Deutsche Bank AG
BE;695;MGTCBEBE;Euroclear Bank
BE;696;CRLYBEBB;Crédit Agricole Corporate &amp; Investment Bank
BE;699;MGTCBEBE;Euroclear Bank
BE;700;AXABBE22;Crelan
BE;701;AXABBE22;Crelan
BE;702;AXABBE22;Crelan
BE;703;AXABBE22;Crelan
BE;704;AXABBE22;Crelan
BE;705;AXABBE22;Crelan
BE;706;AXABBE22;Crelan
BE;707;AXABBE22;Crelan
BE;708;AXABBE22;Crelan
BE;709;AXABBE22;Crelan
BE;719;ABNABE2AXXX;ABN AMRO Bank N.V.
BE;722;ABNABE2AIPC;ABN AMRO Bank N.V.
BE;725;KREDBEBB;KBC Bank
BE;726;KREDBEBB;KBC Bank
BE;727;KREDBEBB;KBC Bank
BE;728;CREGBEBB;
BE;729;CREGBEBB;
BE;730;KREDBEBB;KBC Bank
BE;731;KREDBEBB;KBC Bank
BE;732;CREGBEBB;
BE;733;KREDBEBB;KBC Bank
BE;734;KREDBEBB;KBC Bank
BE;735;KREDBEBB;KBC Bank
BE;736;KREDBEBB;KBC Bank
BE;737;KREDBEBB;KBC Bank
BE;738;KREDBEBB;KBC Bank
BE;739;KREDBEBB;KBC Bank
BE;740;KREDBEBB;KBC Bank
BE;741;KREDBEBB;KBC Bank
BE;742;CREGBEBB;
BE;743;KREDBEBB;KBC Bank
BE;744;KREDBEBB;KBC Bank
BE;745;KREDBEBB;KBC Bank
BE;746;KREDBEBB;KBC Bank
BE;747;KREDBEBB;KBC Bank
BE;748;KREDBEBB;KBC Bank
BE;749;KREDBEBB;KBC Bank
BE;750;AXABBE22;Crelan
BE;751;AXABBE22;Crelan
BE;752;AXABBE22;Crelan
BE;753;AXABBE22;Crelan
BE;754;AXABBE22;Crelan
BE;755;AXABBE22;Crelan
BE;756;AXABBE22;Crelan
BE;757;AXABBE22;Crelan
BE;758;AXABBE22;Crelan
BE;759;AXABBE22;Crelan
BE;760;AXABBE22;Crelan
BE;761;AXABBE22;Crelan
BE;762;AXABBE22;Crelan
BE;763;AXABBE22;Crelan
BE;764;AXABBE22;Crelan
BE;765;AXABBE22;Crelan
BE;772;AXABBE22;Crelan
BE;773;AXABBE22;Crelan
BE;774;AXABBE22;Crelan
BE;775;GKCCBEBB;BELFIUS BANK
BE;776;GKCCBEBB;BELFIUS BANK
BE;777;GKCCBEBB;BELFIUS BANK
BE;778;GKCCBEBB;BELFIUS BANK
BE;779;GKCCBEBB;BELFIUS BANK
BE;780;GKCCBEBB;BELFIUS BANK
BE;781;GKCCBEBB;BELFIUS BANK
BE;782;GKCCBEBB;BELFIUS BANK
BE;783;GKCCBEBB;BELFIUS BANK
BE;784;GKCCBEBB;BELFIUS BANK
BE;785;GKCCBEBB;BELFIUS BANK
BE;786;GKCCBEBB;BELFIUS BANK
BE;787;GKCCBEBB;BELFIUS BANK
BE;788;GKCCBEBB;BELFIUS BANK
BE;789;GKCCBEBB;BELFIUS BANK
BE;790;GKCCBEBB;BELFIUS BANK
BE;791;GKCCBEBB;BELFIUS BANK
BE;792;GKCCBEBB;BELFIUS BANK
BE;793;GKCCBEBB;BELFIUS BANK
BE;794;GKCCBEBB;BELFIUS BANK
BE;795;GKCCBEBB;BELFIUS BANK
BE;796;GKCCBEBB;BELFIUS BANK
BE;797;GKCCBEBB;BELFIUS BANK
BE;798;GKCCBEBB;BELFIUS BANK
BE;799;GKCCBEBB;BELFIUS BANK
BE;800;AXABBE22;Crelan
BE;801;AXABBE22;Crelan
BE;802;AXABBE22;Crelan
BE;803;AXABBE22;Crelan
BE;804;AXABBE22;Crelan
BE;805;AXABBE22;Crelan
BE;806;AXABBE22;Crelan
BE;817;ISAEBEBB;CACEIS Bank Belgian Branch
BE;823;BLUXBEBB;Banque de Luxembourg
BE;825;DEUTBEBE;Deutsche Bank AG
BE;826;DEUTBEBE;Deutsche Bank AG
BE;828;BBRUBEBB;ING België
BE;830;GKCCBEBB;BELFIUS BANK
BE;831;GKCCBEBB;BELFIUS BANK
BE;832;GKCCBEBB;BELFIUS BANK
BE;833;GKCCBEBB;BELFIUS BANK
BE;834;GKCCBEBB;BELFIUS BANK
BE;835;GKCCBEBB;BELFIUS BANK
BE;836;GKCCBEBB;BELFIUS BANK
BE;837;GKCCBEBB;BELFIUS BANK
BE;838;GKCCBEBB;BELFIUS BANK
BE;839;GKCCBEBB;BELFIUS BANK
BE;840;PRIBBEBB;Edmond de Rothschild (Europe)
BE;845;DEGRBEBB;Bank Degroof Petercam
BE;850;NICABEBB;Crelan
BE;851;NICABEBB;Crelan
BE;852;NICABEBB;Crelan
BE;853;NICABEBB;Crelan
BE;859;NICABEBB;Crelan
BE;860;NICABEBB;Crelan
BE;862;NICABEBB;Crelan
BE;863;NICABEBB;Crelan
BE;865;NICABEBB;Crelan
BE;866;NICABEBB;Crelan
BE;868;KREDBEBB;KBC Bank
BE;871;BNAGBEBB;Bank Nagelmackers
BE;875;BUXABE22;ABN AMRO Bank N.V.
BE;876;MBWMBEBB;MeDirect Bank S.A.
BE;877;BNAGBEBB;Bank Nagelmackers
BE;878;BNAGBEBB;Bank Nagelmackers
BE;879;BNAGBEBB;Bank Nagelmackers
BE;880;BBRUBEBB;ING België
BE;881;BBRUBEBB;ING België
BE;883;BBRUBEBB;ING België
BE;884;BBRUBEBB;ING België
BE;887;BBRUBEBB;ING België
BE;888;BBRUBEBB;ING België
BE;890;VDSPBE91;vdk bank
BE;891;VDSPBE91;vdk bank
BE;892;VDSPBE91;vdk bank
BE;893;VDSPBE91;vdk bank
BE;894;VDSPBE91;vdk bank
BE;895;VDSPBE91;vdk bank
BE;896;VDSPBE91;vdk bank
BE;897;VDSPBE91;vdk bank
BE;898;VDSPBE91;vdk bank
BE;899;VDSPBE91;vdk bank
BE;903;TRWIBEB1;Wise Europe SA
BE;904;TRWIBEBB;Wise Europe SA
BE;905;TRWIBEB1;Wise Europe SA
BE;906;CEKVBE88;Centrale Kredietverlening (C.K.V.)
BE;907;MLLEBE92;Mollie B.V.
BE;908;CEKVBE88;Centrale Kredietverlening (C.K.V.)
BE;910;BBRUBEBB;ING België
BE;911;TUNZBEB1;Worldline Financial Solutions nv/SA
BE;913;EPBFBEBB;EPBF
BE;914;FXBBBEBB;Ibanfirst
BE;915;OONXBEBB;Equals Money Europe SA
BE;916;GOCFBEB1;GOLD COMMODITIES FOREX (G.C.F.)
BE;919;TRBKBEB2;Trade Republic Bank GmbH, Belgian Branch
BE;920;BBRUBEBB;ING België
BE;922;BBRUBEBB;ING België
BE;923;BBRUBEBB;ING België
BE;924;FMMSBEB1;Fimaser
BE;926;EBPBBEB1;Ebury Partners Belgium
BE;929;BBRUBEBB;ING België
BE;930;BBRUBEBB;ING België
BE;931;BBRUBEBB;ING België
BE;934;BBRUBEBB;ING België
BE;936;BBRUBEBB;ING België
BE;939;BBRUBEBB;ING België
BE;940;CLIQBEB1;Banque Centrale de Compensation (Clearnet)
BE;941;DEGRBEBB;Banque Degroof Petercam Luxembourg
BE;942;PUILBEBB;Puilaetco Branch of Quintet Private Bank SA
BE;945;JPMGBEBB;J.P. Morgan SE – Brussels Branch
BE;948;HOMNBEB2;Mastercard Transaction Services (Europe) NV/SA
BE;949;HSBCBEBB;HSBC Continental Europe Belgium
BE;950;CTBKBEBX;Beobank
BE;951;CTBKBEBX;Beobank
BE;952;CTBKBEBX;Beobank
BE;953;CTBKBEBX;Beobank
BE;954;CTBKBEBX;Beobank
BE;955;CTBKBEBX;Beobank
BE;956;CTBKBEBX;Beobank
BE;957;CTBKBEBX;Beobank
BE;958;CTBKBEBX;Beobank
BE;959;CTBKBEBX;Beobank
BE;960;ABNABE2AIPC;ABN AMRO Bank N.V.
BE;961;BBRUBEBB;ING België
BE;963;AXABBE22;Crelan
BE;964;FPEBBEB2;FINANCIERE DES PAIEMENTS ELECTRONIQUES SAS - NICKEL BELGIUM
BE;967;TRWIBEB1;Wise Europe SA
BE;968;ENIBBEBB;
BE;969;PUILBEBB;Puilaetco Branch of Quintet Private Bank SA
BE;971;BBRUBEBB;ING België
BE;973;ARSPBE22;Argenta Spaarbank (ASPA)
BE;974;PESOBEB1;PPS EU SA
BE;975;AXABBE22;Crelan
BE;976;BBRUBEBB;ING België
BE;977;PAYVBEB2;Paynovate
BE;978;ARSPBE22;Argenta Spaarbank (ASPA)
BE;979;ARSPBE22;Argenta Spaarbank (ASPA)
BE;980;ARSPBE22;Argenta Spaarbank (ASPA)
